date,doc_number,seq,item,kind,motion,note,theme,neighborhood,url,Morillo,Avalos,Ryan,Pirtle-Guiney,Zimmerman,Dunphy,Smith,Green,Clark,Kanal,Novick,Koyama Lane
2025-01-02,2025-001,1,"Amend Council Organization and Procedure Code related to the Council Agenda, Council Rules, and Council Committees (amend Code Chapter 3.02)",Amendment,"Motion to amend Exhibit A, Subsection 3.02.020 B.4. to strike the words ""complete items"" and replace with ""items that meet the administrative requirements"": Moved by Zimmerman and seconded by Ryan.",,Government Operations,Not specified in agenda,https://www.portland.gov/council/agenda/2025/1/2,Yea,Yea,Yea,Yea,Yea,Yea,Yea,Yea,Yea,Yea,Yea,Yea
2025-01-02,2025-001,2,"Amend Council Organization and Procedure Code related to the Council Agenda, Council Rules, and Council Committees (amend Code Chapter 3.02)",Amendment,"Motion to amend Exhibit A Subsection 3.02.050 A.2. to strike the words ""The resolution specifies"" and replace with ""The Council President proposes and the Council resolution affirms"": Moved by Zimmerman and seconded by Novick.",,Government Operations,Not specified in agenda,https://www.portland.gov/council/agenda/2025/1/2,Yea,Yea,Yea,Yea,Yea,Yea,Yea,Yea,Yea,Yea,Yea,Yea
2025-01-02,,1,Council President and Vice President Election,Motion,Motion to approve the recommended procedure to elect a Council President and Council Vice President. Moved by Zimmerman and seconded by Clark.,,Government Operations,Not specified in agenda,https://www.portland.gov/council/agenda/2025/1/2,Yea,Yea,Yea,Yea,Yea,Yea,Yea,Yea,Yea,Yea,Yea,Yea
2025-01-02,,2,Council President and Vice President Election,Motion,Motion to have the Mayor to participate in the vote for Council President to break the tie: Moved by Smith and seconded by Zimmerman. Motion failed to pass.,,Government Operations,Not specified in agenda,https://www.portland.gov/council/agenda/2025/1/2,Nay,Nay,Yea,Nay,Nay,Nay,Yea,Nay,Yea,Nay,Nay,Nay
2025-01-02,,3,Council President and Vice President Election,Procedural,Motion to recess: Moved by Morillo and seconded by Koyama Lane.,,Government Operations,Not specified in agenda,https://www.portland.gov/council/agenda/2025/1/2,Yea,Yea,Yea,Yea,Yea,Yea,Yea,Yea,Yea,Yea,Yea,Yea
2025-01-02,,4,Council President and Vice President Election,Procedural,Motion to recess: Moved by Kanal and seconded by Pirtle-Guiney.,,Government Operations,Not specified in agenda,https://www.portland.gov/council/agenda/2025/1/2,Yea,Yea,Yea,Yea,Nay,Yea,Yea,Yea,Nay,Yea,Yea,Yea
2025-01-02,,5,Council President and Vice President Election,Procedural,Motion to recess for 15 minutes: Moved by Pirtle-Guiney and seconded Zimmerman.,,Government Operations,Not specified in agenda,https://www.portland.gov/council/agenda/2025/1/2,Yea,Yea,Yea,Yea,Yea,Yea,Yea,Yea,Yea,Yea,Yea,Yea
2025-01-15,,1,Agenda approval,Amendment,Motion to amend the agenda to refer Item 10 (2025-006) back to Mayor Wilson's Office: Moved by Green and seconded by Ryan.,,Government Operations,Not specified in agenda,https://www.portland.gov/council/agenda/2025/1/15,Yea,Yea,Yea,Yea,Yea,Yea,Yea,Yea,Yea,Yea,Yea,Yea
2025-01-15,2025-007,1,Adopt a Supplemental Budget for City Council and Mayor staffing,Amendment,Motion to amend Directive A.1 to replace City Administrator's Office with General Fund Contingency: Moved by Smith and seconded by Ryan.,,FY Budget; Budget & Taxes; Government Operations,Not specified in agenda,https://www.portland.gov/council/agenda/2025/1/15,Yea,Yea,Yea,Yea,Yea,Yea,Yea,Yea,Yea,Yea,Yea,Yea
2025-01-15,2025-007,2,Adopt a Supplemental Budget for City Council and Mayor staffing,Amendment,"Motion to add an emergency clause, “The Council declares that an emergency exists in order to have Exhibits 1-2 of this Ordinance as amended be enacted upon passage of this Ordinance; therefore, this Ordinance shall be in full force and effect from and after its passage by the Council.” Moved by Dunphy and seconded by Clark.",,FY Budget; Budget & Taxes; Government Operations,Not specified in agenda,https://www.portland.gov/council/agenda/2025/1/15,Yea,Yea,Nay,Yea,Yea,Yea,Yea,Yea,Yea,Yea,Yea,Yea
2025-01-15,2025-007,3,Adopt a Supplemental Budget for City Council and Mayor staffing,Amendment,Motion to adopt Exhibit 1 as amended: Moved by Kanal and seconded by Dunphy.,,FY Budget; Budget & Taxes; Government Operations,Not specified in agenda,https://www.portland.gov/council/agenda/2025/1/15,Yea,Yea,Yea,Yea,Yea,Yea,Yea,Yea,Yea,Yea,Yea,Yea
2025-01-15,2025-001,1,"Amend Council Organization and Procedure Code related to the Council Agenda, Council Rules, and Council Committees (amend Code Chapter 3.02)",Motion,"Motion to add Section 2. The Council declares that an emergency exists because a delay in the City’s implementation of these rules would cause meetings in the intervening 30 days to have different procedures, creating confusion for the public and City staff; therefore, this Ordinance shall be in full force and effect from and after its passage by the Council: Moved by Kanal and seconded by Smith.",,Government Operations,Not specified in agenda,https://www.portland.gov/council/agenda/2025/1/15,Yea,Yea,Yea,Yea,Yea,Yea,Yea,Yea,Yea,Yea,Yea,Yea
2025-01-15,2025-001,2,"Amend Council Organization and Procedure Code related to the Council Agenda, Council Rules, and Council Committees (amend Code Chapter 3.02)",Procedural,"Motion to add Directive C: The Council President will ensure a proposal to replace or extend Chapter 3.02 is placed on the Council Agenda by October 31, 2025: Moved by Kanal and seconded by Koyama Lane.",,Government Operations,Not specified in agenda,https://www.portland.gov/council/agenda/2025/1/15,Yea,Yea,Nay,Yea,Nay,Yea,Yea,Yea,Nay,Yea,Yea,Yea
2025-01-16,2025-005,1,"Consider proposal of Type IV Demolition Review approval for 118 SW Porter St, and Portland Permitting and Development staff recommendation for approval, for a contributing building in the South Portland Historic District (LU 24-077225 DM)",Motion,"Motion to tentatively grant the demolition review approval with the Portland Permitting and Development staff recommendation, recommended conditions, and ask the staff to return with revised findings: Moved by Ryan and seconded by Kanal.",,Land Use & Planning; Arts & Culture,Not specified in agenda,https://www.portland.gov/council/agenda/2025/1/15,Yea,Yea,Yea,Yea,Yea,Yea,Yea,Yea,Absent,Yea,Absent,Yea
2025-02-05,2025-011,1,Appoint Michael Jordan as City Administrator,Amendment,"Motion to amend the resolution to add ""WHEREAS, Michael Jordan will serve as City Administrator through January 2, 2026"" and add ""in accordance with this resolution"" to the resolved statement: Moved by Avalos and seconded by Kanal.",,Government Operations,Not specified in agenda,https://www.portland.gov/council/agenda/2025/2/5,Yea,Yea,Yea,Yea,Yea,Yea,Yea,Yea,Yea,Yea,Yea,Yea
2025-02-19,,1,Agenda approval,Procedural,Motion to move Item 2025-024 to the beginning of the Regular agenda: Moved by Kanal and seconded by Ryan.,,Government Operations,Not specified in agenda,https://www.portland.gov/council/agenda/2025/2/19,Yea,Yea,Yea,Yea,Absent,Yea,Yea,Yea,Yea,Yea,Yea,Yea
2025-02-19,2025-030,1,Direct the City Administrator to submit a report of all unassigned funds for recent fiscal years,Amendment,"Motion to amend the resolution to replace the Resolved section with “NOW, THEREFORE, BE IT RESOLVED that the City Council of Portland, Oregon, directs the City Administrator to submit a written report to the Finance Committee detailing all financial activities related to unassigned grant funds for the current fiscal year to date, as well as the three preceding fiscal years. The City Council further requests that the City Administrator provide these findings no later than April 21, 2025, to inform Council and support its preparation of the FY 2025-26 budget,” and to amend the title to strike “Request City Auditor perform a special audit” and with replace with “Direct the City Administrator to submit a report”: Moved by Smith and seconded by Dunphy.",,Budget & Taxes; Government Transparency,Not specified in agenda,https://www.portland.gov/council/agenda/2025/2/19,Yea,Yea,Yea,Yea,Yea,Yea,Yea,Yea,Yea,Yea,Yea,Yea
2025-02-20,2025-026,1,"Amend the Comprehensive Plan Map and Zoning Map for properties at 3508 NE 11th Ave and 1123 NE Fremont St at the request of Derek Metson, Greenbox Architecture (LU 24-073674 CP ZC)",Amendment,"Motion to tentatively approve the application for a comprehensive plan map amendment and zoning map amendment, uphold the recommendation of the Hearings Officer and ask staff to return with revised findings for Council to amend the Ordinance to reflect those revised findings on March 19, 2025 at 6:15 p.m.: Moved by Green and seconded by Ryan.",,Land Use & Planning,Sabin,https://www.portland.gov/council/agenda/2025/2/19,Yea,Yea,Yea,Yea,Absent,Yea,Yea,Yea,Yea,Yea,Yea,Yea
2025-03-19,2025-070,1,"Declare actions concerning Zenith Energy Terminal Holdings, LLC, including placing communications into the public record, demanding the Mayor to investigate violations of the Zenith franchise agreement, and urging the Auditor to conduct an investigation into the competing statements and arguments heard by Council on January 21st, 2025, by City staff, Zenith, and members of the public",Amendment,"Motion to amend the fourth Resolved statement to add ""and pursuant to the authority in PCC 7.12.030"" and delete "", with independent review to ensure impartiality,"": Moved by Dunphy and seconded by Koyama Lane.",,Environment & Energy; Government Transparency,Not specified in agenda,https://www.portland.gov/council/agenda/2025/3/19,Yea,Yea,Yea,Yea,Yea,Yea,Yea,Yea,Yea,Yea,Yea,Yea
2025-03-19,2025-070,2,"Declare actions concerning Zenith Energy Terminal Holdings, LLC, including placing communications into the public record, demanding the Mayor to investigate violations of the Zenith franchise agreement, and urging the Auditor to conduct an investigation into the competing statements and arguments heard by Council on January 21st, 2025, by City staff, Zenith, and members of the public",Motion,"Motion to remove Whereas statements 11 and 13 through 20 and attachments C1, C2, E, F, G1, and H: Moved by Zimmerman and seconded by Clark.",,Environment & Energy; Government Transparency,Not specified in agenda,https://www.portland.gov/council/agenda/2025/3/19,Nay,Nay,Nay,Yea,Yea,Nay,Nay,Nay,Yea,Nay,Yea,Nay
2025-03-19,2025-070,3,"Declare actions concerning Zenith Energy Terminal Holdings, LLC, including placing communications into the public record, demanding the Mayor to investigate violations of the Zenith franchise agreement, and urging the Auditor to conduct an investigation into the competing statements and arguments heard by Council on January 21st, 2025, by City staff, Zenith, and members of the public",Motion,Motion to remove the Whereas statements 11 and 13-20 and attachment H: Moved by Zimmerman and seconded by Novick.,,Environment & Energy; Government Transparency,Not specified in agenda,https://www.portland.gov/council/agenda/2025/3/19,Nay,Nay,Nay,Yea,Yea,Nay,Nay,Nay,Yea,Nay,Yea,Nay
2025-03-19,2025-070,4,"Declare actions concerning Zenith Energy Terminal Holdings, LLC, including placing communications into the public record, demanding the Mayor to investigate violations of the Zenith franchise agreement, and urging the Auditor to conduct an investigation into the competing statements and arguments heard by Council on January 21st, 2025, by City staff, Zenith, and members of the public",Motion,Motion to remove Attachment H: Moved by Morillo and seconded by Kanal.,,Environment & Energy; Government Transparency,Not specified in agenda,https://www.portland.gov/council/agenda/2025/3/19,Yea,Nay,Yea,Yea,Yea,Yea,Nay,Nay,Yea,Yea,Yea,Yea
2025-04-02,2025-101,1,Require the City Administrator to study alternative housing financing and ownership models and deliver a report of findings to Council,Motion,"Motion to add ""including identification of impediments such as Zoning Code, permitting process, and financing gaps"" to the last Resolved statement: Moved by Green and seconded by Zimmerman.",,Housing,Not specified in agenda,https://www.portland.gov/council/agenda/2025/4/2,Yea,Yea,Yea,Yea,Yea,Yea,Yea,Yea,Yea,Yea,Yea,Yea
2025-04-02,2025-101,2,Require the City Administrator to study alternative housing financing and ownership models and deliver a report of findings to Council,Procedural,"6. analysis of pilot zones available for near-term implementation of social housing models at scale, including within the Albina Vision project area and other neighborhoods within the N/NE Preference Policy area: Moved by Pirtle-Guiney and seconded by Smith.",,Housing,Not specified in agenda,https://www.portland.gov/council/agenda/2025/4/2,Yea,Yea,Yea,Yea,Yea,Yea,Yea,Yea,Yea,Yea,Yea,Yea
2025-04-02,2025-101,3,Require the City Administrator to study alternative housing financing and ownership models and deliver a report of findings to Council,Procedural,Motion to end debate and call the question: Moved by Green and seconded by Novick.,,Housing,Not specified in agenda,https://www.portland.gov/council/agenda/2025/4/2,Yea,Yea,Yea,Yea,Yea,Yea,Yea,Yea,Yea,Yea,Yea,Yea
2025-04-02,2025-101,4,Require the City Administrator to study alternative housing financing and ownership models and deliver a report of findings to Council,Motion,"Whereas, based on 2020 U.S. Census data for Portland, the average Black household brings in about $3,000 in monthly income, Latino households earn $4,500, and Native American households earn nearly $5,000. In comparison to white Portland households who earn $6,400 on average each month. The report shows that white residents can afford a home in about one-third of Portland’s neighborhoods – mostly adjacent to the City’s eastern border: Moved by Smith and seconded by Green.",,Housing,Not specified in agenda,https://www.portland.gov/council/agenda/2025/4/2,Yea,Yea,Yea,Yea,Yea,Yea,Yea,Yea,Yea,Yea,Yea,Yea
2025-04-03,2025-045,1,Amend Affordable Housing Code to add prohibition of anti-competitive rental practices including the sale and use of algorithmic devices (add Code Section 30.01.088),Amendment,Motion to discuss the amendment: Moved by Morillo and seconded by Novick.,,Housing; Business Regulation,Not specified in agenda,https://www.portland.gov/council/agenda/2025/4/2,Yea,Yea,Nay,Nay,Yea,Yea,Yea,Yea,Yea,Yea,Yea,Yea
2025-04-03,2025-045,2,Amend Affordable Housing Code to add prohibition of anti-competitive rental practices including the sale and use of algorithmic devices (add Code Section 30.01.088),Amendment,Motion to vote on the amendment to Exhibit A: Moved by Morillo and seconded by Smith.,,Housing; Business Regulation,Not specified in agenda,https://www.portland.gov/council/agenda/2025/4/2,Yea,Yea,Yea,Yea,Yea,Yea,Yea,Yea,Absent,Yea,Yea,Yea
2025-04-03,2025-045,3,Amend Affordable Housing Code to add prohibition of anti-competitive rental practices including the sale and use of algorithmic devices (add Code Section 30.01.088),Amendment,"Motion to amend Exhibit A to update the definition of public date to add "", including, but not limited to, information"": Moved by Novick and seconded by Kanal.",,Housing; Business Regulation,Not specified in agenda,https://www.portland.gov/council/agenda/2025/4/2,Yea,Yea,Yea,Yea,Yea,Yea,Yea,Yea,Yea,Yea,Yea,Yea
2025-04-16,2025-138,1,"Confirm appointment and reappointment of members to the Portland Elections Commission for terms to end April 30, 2029",Procedural,Motion to move the item to the top of the regular agenda: Moved by Koyama Lane and seconded by Clark.,,Government Transparency,Not specified in agenda,https://www.portland.gov/council/agenda/2025/4/16,Yea,Yea,Yea,Yea,Yea,Yea,Yea,Yea,Yea,Nay,Yea,Yea
2025-04-16,2025-138,2,"Confirm appointment and reappointment of members to the Portland Elections Commission for terms to end April 30, 2029",Procedural,Motion to call the question: Moved by Koyama Lane and seconded by Clark.,,Government Transparency,Not specified in agenda,https://www.portland.gov/council/agenda/2025/4/16,Yea,Nay,Yea,Yea,Yea,Yea,Yea,Yea,Yea,Nay,Yea,Yea
2025-04-16,2025-045,1,Amend Affordable Housing Code to add prohibition of anti-competitive rental practices including the sale and use of algorithmic devices (add Code Section 30.01.088),Procedural,Motion to refer item back to the Homelessness and Housing Committee: Moved by Morillo and seconded by Koyama Lane.,,Housing; Business Regulation,Not specified in agenda,https://www.portland.gov/council/agenda/2025/4/16,Yea,Yea,Yea,Yea,Yea,Yea,Yea,Yea,Yea,Yea,Yea,Yea
2025-04-16,2025-120,1,Adopt the FY 2024-25 Technical Adjustment Ordinance and make other budget-related changes,Procedural,Motion to call the question: Moved by Green and seconded by Smith.,,FY Budget; Budget & Taxes,Not specified in agenda,https://www.portland.gov/council/agenda/2025/4/16,Yea,Yea,Nay,Yea,Yea,Yea,Yea,Yea,Yea,Yea,Yea,Yea
2025-04-16,2025-120,2,Adopt the FY 2024-25 Technical Adjustment Ordinance and make other budget-related changes,Motion,Motion to make adjustments to the supplemental budget as proposed to change General Fund return decision packages to General Fund carryover decision packages in the Public Safety Service Area: Moved by Kanal and seconded by Avalos.,,FY Budget; Budget & Taxes; Public Safety,Not specified in agenda,https://www.portland.gov/council/agenda/2025/4/16,Yea,Yea,Nay,Nay,Nay,Yea,Nay,Yea,Nay,Yea,Nay,Yea
2025-04-16,2025-120,3,Adopt the FY 2024-25 Technical Adjustment Ordinance and make other budget-related changes,Procedural,Motion to call the question: Moved by Green and seconded Zimmerman.,,FY Budget; Budget & Taxes,Not specified in agenda,https://www.portland.gov/council/agenda/2025/4/16,Yea,Nay,Yea,Yea,Yea,Nay,Yea,Yea,Yea,Nay,Yea,Yea
2025-04-16,2025-159,1,Amend the City Employee Benefits Program for the plan offerings for FY 2025-26,Amendment,Motion to amend the ordinance to reflect recommended plan design changes to reduce the renewal rate to 10%: Moved by Smith and seconded by Ryan.,,Government Operations,Not specified in agenda,https://www.portland.gov/council/agenda/2025/4/16,Yea,Yea,Yea,Yea,Yea,Yea,Yea,Yea,Yea,Yea,Yea,Yea
2025-04-16,2025-160,1,Amend the Portland Police Association City Employee Benefits Program for FY 2025-26,Amendment,Motion to amend the ordinance to reduce the renewal rate to 11.9%: Moved by Kanal and seconded by Smith.,,Government Operations; Public Safety,Not specified in agenda,https://www.portland.gov/council/agenda/2025/4/16,Yea,Yea,Yea,Yea,Yea,Yea,Yea,Yea,Yea,Yea,Yea,Yea
2025-04-16,2025-118,1,Add Sustainability and Climate Commission Code (add Code Chapter 3.136 and amend Code Chapter 3.33),Amendment,Motion to amend Code Subsection 3.136.020 A. in Exhibit A to remove “a maximum of”: Moved by Kanal and seconded by Smith.,,Environment & Energy; Government Operations,Not specified in agenda,https://www.portland.gov/council/agenda/2025/4/16,Nay,Yea,Nay,Nay,Nay,Yea,Yea,Yea,Nay,Yea,Yea,Nay
2025-04-17,2025-161,1,"Consider appeal by Forest Park Neighborhood Association and Forest Park Conservancy against the Hearings Officer’s decision to approve with conditions an Environmental Review, Conditional Use Review, and two Greenway Reviews for the upgrade and expansion of transmission lines in Forest Park (LU 24-041109 CU EN GW)",Motion,Motion to tentatively grant the appeal and overturn the Hearings Officer's decision to approve the application for a denial of environmental review and approval of the two greenway reviews and conditional use review: Moved by Green and seconded by Morillo.,,Land Use & Planning; Environment & Energy,Forest Park,https://www.portland.gov/council/agenda/2025/4/16,Yea,Yea,Yea,Yea,Yea,Yea,Yea,Yea,Yea,Yea,Yea,Yea
2025-04-23,2025-131,1,"Authorize revenue bonds in an amount sufficient to provide not more than $80 million to finance curb, ramp and street improvement projects",Motion,Motion to close debate: Moved by Clark and seconded by Green.,,Transportation; Budget & Taxes,Not specified in agenda,https://www.portland.gov/council/agenda/2025/4/23,Nay,Nay,Nay,Nay,Nay,Nay,Nay,Yea,Yea,Nay,Yea,Yea
2025-04-23,2025-156,1,Direct funding for the Workforce Pre-Apprenticeship Program and a SummerWorks Youth Employment Initiative,Amendment,"Motion to amend the fifth Resolved statement in the resolution to replace ""staffed by Councilor Smith’s office"" with ""will remain within the Bureau of Human Resources; and"": Moved by Smith and seconded by Zimmerman.",,Economic Development; Budget & Taxes,Not specified in agenda,https://www.portland.gov/council/agenda/2025/4/23,Yea,Yea,Absent,Yea,Yea,Yea,Yea,Yea,Yea,Yea,Yea,Yea
2025-04-23,2025-156,2,Direct funding for the Workforce Pre-Apprenticeship Program and a SummerWorks Youth Employment Initiative,Procedural,Motion to call the question and take a vote: Moved by Smith and seconded by Zimmerman.,,Economic Development; Budget & Taxes,Not specified in agenda,https://www.portland.gov/council/agenda/2025/4/23,Nay,Nay,Absent,Nay,Yea,Nay,Yea,Nay,Yea,Nay,Nay,Nay
2025-05-07,2025-095,1,"Direct Bureau of Transportation to construct and maintain sidewalks while addressing pavement maintenance deficiencies throughout Portland, improving safety and accessibility for all residents through the Sidewalk Improvement and Paving Program",Motion,"Motion to add ""and alternative pathways"" to the second Resolved Statement: Moved by Clark and seconded by Green.",,Transportation,Not specified in agenda,https://www.portland.gov/council/agenda/2025/5/7,Yea,Yea,Yea,Yea,Yea,Yea,Yea,Yea,Yea,Yea,Yea,Yea
2025-05-07,2025-095,2,"Direct Bureau of Transportation to construct and maintain sidewalks while addressing pavement maintenance deficiencies throughout Portland, improving safety and accessibility for all residents through the Sidewalk Improvement and Paving Program",Motion,"Motion to add ""PBOT's Building Belonging Guide,"" to the sixth Resolved Statement: Moved by Avalos and seconded by Dunphy.",,Transportation,Not specified in agenda,https://www.portland.gov/council/agenda/2025/5/7,Yea,Yea,Nay,Yea,Nay,Yea,Nay,Yea,Yea,Yea,Yea,Yea
2025-05-07,2025-095,3,"Direct Bureau of Transportation to construct and maintain sidewalks while addressing pavement maintenance deficiencies throughout Portland, improving safety and accessibility for all residents through the Sidewalk Improvement and Paving Program",Amendment,Motion to table discussion of Avalos Amendment 1: Moved by Koyama Lane and seconded by Smith.,,Transportation,Not specified in agenda,https://www.portland.gov/council/agenda/2025/5/7,Yea,Nay,Yea,Yea,Yea,Yea,Yea,Yea,Yea,Nay,Yea,Yea
2025-05-07,2025-095,4,"Direct Bureau of Transportation to construct and maintain sidewalks while addressing pavement maintenance deficiencies throughout Portland, improving safety and accessibility for all residents through the Sidewalk Improvement and Paving Program",Procedural,Motion to remove references to Districts 1 and 4 in the sixth and ninth Whereas Statements: Moved by Avalos and seconded by Kanal.,,Transportation,Not specified in agenda,https://www.portland.gov/council/agenda/2025/5/7,Nay,Yea,Nay,Nay,Nay,Nay,Nay,Nay,Nay,Yea,Nay,Nay
2025-05-07,2025-095,5,"Direct Bureau of Transportation to construct and maintain sidewalks while addressing pavement maintenance deficiencies throughout Portland, improving safety and accessibility for all residents through the Sidewalk Improvement and Paving Program",Amendment,Motion to call the question on Avalos Amendment 2: Moved by Clark and seconded by Smith.,,Transportation,Not specified in agenda,https://www.portland.gov/council/agenda/2025/5/7,Yea,Nay,Yea,Yea,Yea,Nay,Yea,Yea,Yea,Nay,Yea,Yea
2025-05-07,2025-095,6,"Direct Bureau of Transportation to construct and maintain sidewalks while addressing pavement maintenance deficiencies throughout Portland, improving safety and accessibility for all residents through the Sidewalk Improvement and Paving Program",Amendment,Motion to call the question on Avalos Amendment 1: Moved by Zimmerman and seconded by Clark.,,Transportation,Not specified in agenda,https://www.portland.gov/council/agenda/2025/5/7,Yea,Nay,Yea,Yea,Yea,Nay,Yea,Yea,Yea,Nay,Nay,Yea
2025-05-07,2025-095,7,"Direct Bureau of Transportation to construct and maintain sidewalks while addressing pavement maintenance deficiencies throughout Portland, improving safety and accessibility for all residents through the Sidewalk Improvement and Paving Program",Amendment,Motion to call the question on the Resolution as amended: Moved by Morillo and seconded by Clark.,,Transportation,Not specified in agenda,https://www.portland.gov/council/agenda/2025/5/7,Yea,Nay,Yea,Yea,Nay,Nay,Yea,Nay,Yea,Nay,Nay,Yea
2025-05-07,2025-095,8,"Direct Bureau of Transportation to construct and maintain sidewalks while addressing pavement maintenance deficiencies throughout Portland, improving safety and accessibility for all residents through the Sidewalk Improvement and Paving Program",Procedural,Motion to limit debate to the current queue: Moved by Kanal and seconded by Ryan.,"The City's minutes list Novick as both Nay and Yea, Zimmerman as both Nay and Yea; left blank here.",Transportation,Not specified in agenda,https://www.portland.gov/council/agenda/2025/5/7,Yea,Nay,Yea,Yea,,Yea,Yea,Yea,Yea,Yea,,Yea
2025-05-08,2025-150,1,"Appoint Matthew Sanchez and Vesla Lee to the Urban Forestry Commission for terms to end March 31, 2029",Motion,Motion to move the appointments separately as they were voted upon in the committee: Moved by Ryan and seconded by Novick.,,Parks & Recreation; Environment & Energy,Not specified in agenda,https://www.portland.gov/council/agenda/2025/5/7,Yea,Yea,Yea,Yea,Yea,Yea,Yea,Yea,Yea,Nay,Yea,Yea
2025-05-08,2025-150,2,"Appoint Matthew Sanchez and Vesla Lee to the Urban Forestry Commission for terms to end March 31, 2029",Motion,Motion to confirm appointment of Matthew Sanchez to the Urban Forestry Commission: Moved by Novick and seconded by Kanal.,,Parks & Recreation; Environment & Energy,Not specified in agenda,https://www.portland.gov/council/agenda/2025/5/7,Yea,Yea,Yea,Yea,Yea,Yea,Yea,Yea,Yea,Yea,Yea,Yea
2025-05-08,2025-150,3,"Appoint Matthew Sanchez and Vesla Lee to the Urban Forestry Commission for terms to end March 31, 2029",Motion,Motion to confirm appointment of Vesla Lee to the Urban Forestry Commission: Moved by Kanal and seconded by Novick.,The City's minutes list Zimmerman as both Nay and Yea; left blank here.,Parks & Recreation; Environment & Energy,Not specified in agenda,https://www.portland.gov/council/agenda/2025/5/7,Yea,Yea,Nay,Yea,,Yea,Yea,Yea,Yea,Yea,Yea,Yea
2025-05-21,2025-093,1,Adopt the Locally Preferred Alternative for the 82nd Avenue Transit Project and Conditions for Approval,Amendment,"Motion to amend the resolution to change the second to last Whereas statement to correct the name of the report written by the 82nd Ave Coalition and to change the name to the ""82nd Avenue Development Strategy"": Moved by Clark and seconded by Ryan.",,Transportation,Not specified in agenda,https://www.portland.gov/council/agenda/2025/5/21,Yea,Yea,Yea,Yea,Absent,Yea,Yea,Yea,Yea,Yea,Yea,Yea
2025-05-21,2025-136,1,"Revise transportation fees, rates and charges for FY 2025-26 and amend Transportation Fee Schedule and fix an effective date (amend TRN 3.450)",Amendment,Motion to amend Exhibit F to increase the TNC per ride fee to $2.00: Moved by Kanal and seconded by Novick.,,Transportation; Budget & Taxes,Not specified in agenda,https://www.portland.gov/council/agenda/2025/5/21,Yea,Yea,Nay,Yea,Nay,Yea,Nay,Yea,Yea,Yea,Yea,Yea
2025-05-21,2025-136,2,"Revise transportation fees, rates and charges for FY 2025-26 and amend Transportation Fee Schedule and fix an effective date (amend TRN 3.450)",Motion,Motion to add an emergency clause in order pass the ordinance in time to have a balanced budget: Moved by Zimmerman and seconded by Novick.,,Transportation; Budget & Taxes,Not specified in agenda,https://www.portland.gov/council/agenda/2025/5/21,Yea,Yea,Yea,Yea,Nay,Yea,Yea,Yea,Yea,Yea,Yea,Yea
2025-05-21,2025-208,1,Approval of the FY 2025-26 Budget for the City of Portland (Council convenes as Budget Committee),Motion,Motion to approve a technical adjustment to update Attachment E: Moved by Novick and seconded by Zimmerman.,,FY Budget; Budget & Taxes,Not specified in agenda,https://www.portland.gov/council/agenda/2025/5/21,Yea,Yea,Yea,Yea,Yea,Yea,Yea,Yea,Yea,Yea,Yea,Yea
2025-05-21,2025-208,2,Approval of the FY 2025-26 Budget for the City of Portland (Council convenes as Budget Committee),Motion,"Motion to approve the changes to the Proposed Budget as presented in the memo titled, “Approval of the Budget for the City of Portland” and attachments: Moved by Ryan and seconded by Kanal.",,FY Budget; Budget & Taxes,Not specified in agenda,https://www.portland.gov/council/agenda/2025/5/21,Yea,Yea,Yea,Yea,Yea,Yea,Yea,Yea,Yea,Yea,Yea,Yea
2025-05-21,2025-208,3,Approval of the FY 2025-26 Budget for the City of Portland (Council convenes as Budget Committee),Motion,Motion to approve Prosper Portland Resolution 7606 including Exhibit A: Moved by Ryan and seconded by Clark.,,FY Budget; Budget & Taxes,Not specified in agenda,https://www.portland.gov/council/agenda/2025/5/21,Yea,Yea,Yea,Yea,Yea,Yea,Yea,Yea,Yea,Yea,Yea,Yea
2025-05-21,2025-208,4,Approval of the FY 2025-26 Budget for the City of Portland (Council convenes as Budget Committee),Motion,"Motion to move $999,340 to contingency: Moved by Zimmerman and seconded by Novick.",,FY Budget; Budget & Taxes,Not specified in agenda,https://www.portland.gov/council/agenda/2025/5/21,Yea,Yea,Yea,Yea,Yea,Yea,Yea,Yea,Yea,Nay,Yea,Yea
2025-05-21,2025-208,5,Approval of the FY 2025-26 Budget for the City of Portland (Council convenes as Budget Committee),Amendment,"Motion to approve changes to the proposed budget as presented in the memo, in Attachments B and C, to reflect the approved amendments: Moved by Kanal and seconded by Green.",,FY Budget; Budget & Taxes,Not specified in agenda,https://www.portland.gov/council/agenda/2025/5/21,Yea,Yea,Yea,Yea,Yea,Yea,Yea,Yea,Yea,Yea,Yea,Yea
2025-05-21,2025-208,6,Approval of the FY 2025-26 Budget for the City of Portland (Council convenes as Budget Committee),Motion,"Motion to approve adjustments in Attachments B, C, and D of the memo: Moved by Kanal and seconded by Novick.",,FY Budget; Budget & Taxes,Not specified in agenda,https://www.portland.gov/council/agenda/2025/5/21,Yea,Yea,Nay,Yea,Nay,Yea,Nay,Yea,Yea,Yea,Yea,Yea
2025-05-21,2025-208,7,Approval of the FY 2025-26 Budget for the City of Portland (Council convenes as Budget Committee),Amendment,Motion to approve budget as amended: Moved by Avalos and seconded by Novick.,,FY Budget; Budget & Taxes,Not specified in agenda,https://www.portland.gov/council/agenda/2025/5/21,Yea,Yea,Nay,Yea,Nay,Yea,Nay,Yea,Nay,Yea,Yea,Yea
2025-05-21,2025-208,8,Approval of the FY 2025-26 Budget for the City of Portland (Council convenes as Budget Committee),Motion,Motion to approve the tax levies: Moved by Kanal and seconded by Dunphy.,,FY Budget; Budget & Taxes,Not specified in agenda,https://www.portland.gov/council/agenda/2025/5/21,Yea,Yea,Yea,Yea,Yea,Yea,Yea,Yea,Yea,Yea,Yea,Yea
2025-05-21,2025-209,1,City Council convenes as Prosper Portland Budget Committee to approve the FY 2025-26 Budget,Motion,Motion to approve the Prosper Portland Budget: Moved by Morillo and seconded by Kanal.,,FY Budget; Economic Development,Not specified in agenda,https://www.portland.gov/council/agenda/2025/5/21,Yea,Yea,Yea,Yea,Yea,Yea,Yea,Nay,Nay,Yea,Yea,Yea
2025-06-04,2025-166,1,Adopt committee rules,Amendment,"Motion to amend Committee Agendas B.1.b. in Exhibit A to add "", as defined in Code Subsections 3.02.020 B.1.a.(1)(a) and (b)"": Moved by Kanal and seconded by Avalos.",The minutes' vote count doesn't match the names listed; names are recorded as listed.,Government Operations,Not specified in agenda,https://www.portland.gov/council/agenda/2025/6/4,Yea,Yea,Yea,Nay,Absent,Yea,Yea,Yea,Nay,Yea,Nay,Nay
2025-06-04,2025-166,2,Adopt committee rules,Procedural,Motion to call the question: Moved by Ryan and seconded by Clark.,,Government Operations,Not specified in agenda,https://www.portland.gov/council/agenda/2025/6/4,Nay,Nay,Yea,Yea,Yea,Nay,Nay,Nay,Nay,Nay,Absent,Nay
2025-06-04,2025-166,3,Adopt committee rules,Amendment,"Motion to amend Committee Actions B.1.a.1. in Exhibit A to replace ""themes from public testimony received"" with ""links to all oral and written testimony received"": Moved by Kanal and seconded by Avalos.",,Government Operations,Not specified in agenda,https://www.portland.gov/council/agenda/2025/6/4,Nay,Yea,Nay,Nay,Nay,Nay,Nay,Nay,Nay,Yea,Absent,Yea
2025-06-04,2025-166,4,Adopt committee rules,Amendment,Motion to amend Committee Actions B.1.d. Moved by Green and seconded by Kanal.,,Government Operations,Not specified in agenda,https://www.portland.gov/council/agenda/2025/6/4,Yea,Yea,Yea,Yea,Yea,Yea,Yea,Yea,Yea,Yea,Absent,Yea
2025-06-04,2025-166,5,Adopt committee rules,Amendment,"Motion to amend Committee Actions B.1.a.1. in Exhibit A to add ""and links to all oral and written testimony received"": Moved by Avalos and seconded by Dunphy.",,Government Operations,Not specified in agenda,https://www.portland.gov/council/agenda/2025/6/4,Yea,Yea,Nay,Absent,Nay,Yea,Yea,Yea,Yea,Yea,Absent,Yea
2025-06-04,2025-226,1,Approve one year extension of funding for Portland Children’s Levy that reflects lower revenues for FY 2025-26,Procedural,Motion to suspend the rules to add an ordinance to the agenda to extend the current levels of funding in the Portland Children's Levy with authority granted up to the 25% mark to the director for reductions given the reduction in revenue for the upcoming 12 months not to exceed one year: Moved by Zimmerman and seconded by Clark.,,Health & Social Services; Budget & Taxes,Not specified in agenda,https://www.portland.gov/council/agenda/2025/6/4,Yea,Yea,Yea,Yea,Yea,Yea,Yea,Yea,Yea,Yea,Yea,Yea
2025-06-05,2025-225,1,"Authorize City Attorney to settle lawsuit related to the historic Central Albina displacement and pay settlement of named plaintiffs’ claims in the sum of $7,500,000 from the City and $1,000,000 from Prosper Portland",Amendment,"Motion to amend Section I. in Exhibit A to strike “$2,000,000.00” and replace with “7,500,000.00 from the City and $1,000,000.00 from Prosper Portland”: Moved by Smith and seconded by Avalos.",,Civil Rights & Equity; Housing,Not specified in agenda,https://www.portland.gov/council/agenda/2025/6/4,Yea,Yea,Yea,Yea,Yea,Yea,Yea,Yea,Yea,Yea,Yea,Yea
2025-06-11,2025-240,1,"Adopt the annual budget of the City and establish appropriations for the fiscal year beginning July 1, 2025 and ending June 30, 2026",Procedural,"Appeal to sustain the Council President's ruling on the point of order: Morillo, Avalos, and Green.",,FY Budget; Budget & Taxes,Not specified in agenda,https://www.portland.gov/council/agenda/2025/6/10,Nay,Nay,Yea,Yea,Yea,Nay,Yea,Nay,Nay,Nay,Yea,Nay
2025-06-11,2025-240,2,"Adopt the annual budget of the City and establish appropriations for the fiscal year beginning July 1, 2025 and ending June 30, 2026",Motion,Motion to adopt Attachments B through H: Moved by Dunphy and seconded by Morillo.,,FY Budget; Budget & Taxes,Not specified in agenda,https://www.portland.gov/council/agenda/2025/6/10,Yea,Yea,Yea,Yea,Yea,Yea,Yea,Yea,Yea,Yea,Yea,Yea
2025-06-18,,1,Agenda approval,Motion,Motion to move Item 14 to before Item 4: Moved by Kanal and seconded by Avalos.,,Government Operations,Not specified in agenda,https://www.portland.gov/council/agenda/2025/6/18,Yea,Yea,Yea,Yea,Yea,Yea,Yea,Yea,Yea,Yea,Yea,Yea
2025-06-18,2025-244,1,Amend Private For-Hire Transportation Code to clarify uses of Transportation Network Company fees (amend Code Section 16.40.910),Amendment,"Motion to amend Subsection 16.40.910 D.1. in Exhibit A to add ""to help maintain a functional transportation system so permitted private for-hire operators can safely, efficiently, and reliably operate their businesses in fair and innovative ways."" Moved by Novick and seconded by Clark.",,Transportation; Business Regulation,Not specified in agenda,https://www.portland.gov/council/agenda/2025/6/18,Yea,Yea,Yea,Yea,Absent,Yea,Yea,Yea,Yea,Yea,Yea,Yea
2025-06-18,2025-228,1,Adopt the Supplemental Budget for the FY 2024-25 Over-expenditure process and make budget adjustments in various funds,Motion,"Motion to decrease FY24-25 General Fund Bureau Program Expense for the Portland Police Bureau by $2,200,000 and increase General Fund Contingency in Fund and Debt Management by $2,200,000 to establish a Public Safety Set Aside for FY25-26: Moved by Green and seconded by Kanal.",,FY Budget; Budget & Taxes; Public Safety,Not specified in agenda,https://www.portland.gov/council/agenda/2025/6/18,Yea,Yea,Yea,Yea,Yea,Yea,Yea,Yea,Yea,Yea,Yea,Yea
2025-06-25,2025-264,1,"Repeal one-year extension of funding for Portland Children’s Levy for FY 2025-26 and approve funding recommendations of Children’s Levy Allocation Committee for July 1, 2025 – June 30, 2028 (repeal Ordinance 192065)",Procedural,Motion to suspend the rules to add an ordinance to the agenda: Moved by Novick and seconded by Kanal.,,Health & Social Services; Budget & Taxes,Not specified in agenda,https://www.portland.gov/council/agenda/2025/6/25,Yea,Yea,Yea,Yea,Yea,Yea,Yea,Yea,Yea,Yea,Yea,Yea
2025-06-25,2025-264,2,"Repeal one-year extension of funding for Portland Children’s Levy for FY 2025-26 and approve funding recommendations of Children’s Levy Allocation Committee for July 1, 2025 – June 30, 2028 (repeal Ordinance 192065)",Procedural,"Motion to replace Finding 5 with “Council has decided to repeal Ordinance 192065. Council anticipates receiving recommendations from the Allocation Committee in response to the remand of Document Number 2025-207 in the near future.”, delete Directives B, C, and D, and replace Section 2 with “The Council declares that an emergency exists in order to avoid disruption and funding for this important work; therefore, this Ordinance shall be in full force and effect from and after its passage by the Council.” Moved by Morillo and seconded by Green",,Health & Social Services; Budget & Taxes,Not specified in agenda,https://www.portland.gov/council/agenda/2025/6/25,Yea,Yea,Nay,Nay,Nay,Yea,Yea,Yea,Nay,Nay,Nay,Yea
2025-06-25,2025-148,1,Amend Code to consolidate noise enforcement and improve fairness and consistency in noise regulation (repeal Code Sections 14A.30.010 and 14A.30.020; amend Code Section 14B.120.020),Motion,Motion to add an emergency clause in order to have the ordinance to go into effect before the summer season: Moved by Ryan and seconded by Morillo.,,Public Safety,Not specified in agenda,https://www.portland.gov/council/agenda/2025/6/25,Yea,Yea,Yea,Yea,Yea,Yea,Yea,Yea,Yea,Yea,Yea,Yea
2025-06-25,2025-175,1,Support and expand Portland Street Response as a co-equal branch of the first responder system and establish the Portland Street Response Committee,Amendment,Motion to amend the resolution as shown in Kanal 1: Moved by Kanal and seconded by Koyama Lane.,,Public Safety; Homelessness,Not specified in agenda,https://www.portland.gov/council/agenda/2025/6/25,Yea,Yea,Yea,Yea,Yea,Yea,Yea,Yea,Yea,Yea,Yea,Yea
2025-06-25,2025-243,1,Amend System Development Charge Exemptions Code to add a temporary exemption for residential housing projects (amend Code Section 17.14.070),Amendment,Motion to amend the ordinance as shown in Avalos 1: Moved by Avalos and seconded by Kanal.,"The City's minutes list Avalos as both Absent and Nay, Koyama Lane as both Absent and Nay; left blank here.",Housing; Budget & Taxes,Not specified in agenda,https://www.portland.gov/council/agenda/2025/6/25,Nay,,Nay,Nay,Nay,Nay,Nay,Nay,Nay,Nay,Nay,
2025-06-25,2025-243,2,Amend System Development Charge Exemptions Code to add a temporary exemption for residential housing projects (amend Code Section 17.14.070),Motion,Motion to add a directive for the Community and Economic Development Service Area to provide implementation reports every six months: Moved by Morillo and seconded by Zimmerman.,,Housing; Budget & Taxes,Not specified in agenda,https://www.portland.gov/council/agenda/2025/6/25,Yea,Absent,Yea,Yea,Yea,Yea,Yea,Yea,Yea,Yea,Yea,Yea
2025-07-16,2025-281,1,"Refer to the voters a five-year local option tax levy for the November 4, 2025 election to maintain safe parks, nature, affordable recreation through 5-year levy",Amendment,Motion to amend the Resolution as shown in Green 1: Moved by Green and seconded by Dunphy.,,Parks & Recreation; Budget & Taxes,Not specified in agenda,https://www.portland.gov/council/agenda/2025/7/16,Yea,Yea,Yea,Yea,Yea,Yea,Yea,Yea,Absent,Yea,Yea,Yea
2025-07-16,2025-281,2,"Refer to the voters a five-year local option tax levy for the November 4, 2025 election to maintain safe parks, nature, affordable recreation through 5-year levy",Amendment,Motion to amend the Resolution as shown in Ryan 1: Moved by Ryan and seconded by Green.,,Parks & Recreation; Budget & Taxes,Not specified in agenda,https://www.portland.gov/council/agenda/2025/7/16,Yea,Yea,Yea,Yea,Yea,Yea,Yea,Yea,Absent,Yea,Yea,Yea
2025-07-16,2025-281,3,"Refer to the voters a five-year local option tax levy for the November 4, 2025 election to maintain safe parks, nature, affordable recreation through 5-year levy",Amendment,Motion to amend the Resolution as shown in Novick 1: Moved by Novick and seconded by Kanal.,,Parks & Recreation; Budget & Taxes,Not specified in agenda,https://www.portland.gov/council/agenda/2025/7/16,Yea,Yea,Yea,Yea,Yea,Yea,Yea,Yea,Absent,Yea,Yea,Yea
2025-07-16,2025-281,4,"Refer to the voters a five-year local option tax levy for the November 4, 2025 election to maintain safe parks, nature, affordable recreation through 5-year levy",Amendment,Motion to amend the Resolution as shown in Kanal 1: Moved by Kanal and seconded by Dunphy.,,Parks & Recreation; Budget & Taxes,Not specified in agenda,https://www.portland.gov/council/agenda/2025/7/16,Yea,Yea,Nay,Nay,Nay,Yea,Nay,Yea,Absent,Yea,Nay,Yea
2025-07-16,2025-281,5,"Refer to the voters a five-year local option tax levy for the November 4, 2025 election to maintain safe parks, nature, affordable recreation through 5-year levy",Amendment,Motion to amend the Resolution as shown in Zimmerman 1: Moved by Zimmerman and seconded by Ryan.,,Parks & Recreation; Budget & Taxes,Not specified in agenda,https://www.portland.gov/council/agenda/2025/7/16,Yea,Nay,Nay,Nay,Yea,Nay,Yea,Yea,Absent,Nay,Nay,Yea
2025-07-17,2025-217,1,Amend Flood Hazard Areas Code to comply with Federal Emergency Management Agency National Flood Insurance Program Pre-Implementation Compliance Measures (amend Code Chapter 24.50),Amendment,Motion to amend the Ordinance and Exhibit A as shown in Pirtle-Guiney 1: Moved by Pirtle-Guiney and seconded by Novick.,,Environment & Energy; Land Use & Planning,Not specified in agenda,https://www.portland.gov/council/agenda/2025/7/16,Yea,Yea,Yea,Yea,Yea,Absent,Yea,Yea,Absent,Yea,Yea,Yea
2025-07-17,2025-217,2,Amend Flood Hazard Areas Code to comply with Federal Emergency Management Agency National Flood Insurance Program Pre-Implementation Compliance Measures (amend Code Chapter 24.50),Amendment,"Motion to amend Directive A and add an emergency clause in order to meet FEMA’s July 31, 2025, implementation deadline as shown in Pirtle-Guiney 2: Moved by Pirtle-Guiney and seconded by Ryan.",,Environment & Energy; Land Use & Planning,Not specified in agenda,https://www.portland.gov/council/agenda/2025/7/16,Yea,Yea,Yea,Yea,Yea,Absent,Yea,Yea,Absent,Yea,Yea,Yea
2025-07-17,2025-186,1,Amend Council Organization and Procedure Code to include Council rule on tie-breaking (amend Code Section 3.02.030),Amendment,Motion to amend Exhibit A as shown in Avalos 1: Moved by Avalos and seconded by Kanal.,,Government Operations,Not specified in agenda,https://www.portland.gov/council/agenda/2025/7/16,Yea,Yea,Nay,Yea,Nay,Absent,Nay,Yea,Absent,Yea,Nay,Yea
2025-07-17,2025-186,2,Amend Council Organization and Procedure Code to include Council rule on tie-breaking (amend Code Section 3.02.030),Amendment,"Motion to amend Exhibit A, to replace Subsection J.2 with ""If the Mayor is unavailable either in person or virtually to cast the tiebreaking vote on final passage during the meeting, the result of the tied vote is deemed inconclusive. If the vote on final passage remains inconclusive at the end of the meeting, the matter will be automatically postponed and rescheduled to the next Council meeting for the sole purpose of the Mayor casting their vote. If the Mayor is not present, it would be considered a no vote as in J.3."": Moved by Koyama Lane and seconded by Novick.",,Government Operations,Not specified in agenda,https://www.portland.gov/council/agenda/2025/7/16,Yea,Yea,Yea,Nay,Nay,Absent,Nay,Yea,Absent,Yea,Yea,Yea
2025-07-17,2025-186,3,Amend Council Organization and Procedure Code to include Council rule on tie-breaking (amend Code Section 3.02.030),Amendment,"Motion to amend Exhibit A to restore ""resolutions, reports"" to Subsection J.1: Moved by Kanal and seconded by Koyama Lane.",,Government Operations,Not specified in agenda,https://www.portland.gov/council/agenda/2025/7/16,Yea,Yea,Nay,Nay,Nay,Absent,Nay,Yea,Absent,Yea,Yea,Yea
2025-08-06,2025-284,1,Declare City property as surplus and authorize a property trade between the Portland Bureau of Transportation and the Oregon Department of Transportation,Motion,Motion to add an emergency clause in order to move forward with expansion of capacity within our shelter services program as soon as possible: Moved by Pirtle-Guiney and seconded by Green.,,Transportation,Not specified in agenda,https://www.portland.gov/council/agenda/2025/8/6,Yea,Yea,Yea,Yea,Yea,Yea,Yea,Yea,Yea,Nay,Yea,Yea
2025-08-06,2025-186,1,Amend Council Organization and Procedure Code to include Council rule on tie-breaking (amend Code Section 3.02.030),Amendment,Motion to amend Exhibit A as shown in Kanal 1: Moved by Kanal and seconded by Novick.,,Government Operations,Not specified in agenda,https://www.portland.gov/council/agenda/2025/8/6,Yea,Yea,Yea,Yea,Yea,Yea,Yea,Yea,Nay,Yea,Yea,Yea
2025-08-13,2025-300,1,Adopt Council Regular Meeting Schedule pursuant to Code Subsection 3.02.010.C.1,Amendment,Motion to amend the ordinance as shown in Kanal 1: Moved by Kanal and seconded by Green,,Government Operations,Not specified in agenda,https://www.portland.gov/council/agenda/2025/8/13,Yea,Yea,Yea,Yea,Yea,Yea,Yea,Yea,Yea,Yea,Yea,Yea
2025-08-13,2025-300,2,Adopt Council Regular Meeting Schedule pursuant to Code Subsection 3.02.010.C.1,Amendment,Motion to amend the ordinance as shown in Smith 1: Moved by Smith and seconded by Ryan.,,Government Operations,Not specified in agenda,https://www.portland.gov/council/agenda/2025/8/13,Nay,Nay,Yea,Yea,Yea,Yea,Yea,Nay,Yea,Nay,Yea,Nay
2025-08-13,2025-300,3,Adopt Council Regular Meeting Schedule pursuant to Code Subsection 3.02.010.C.1,Amendment,Motion to amend City Code Subsection 3.02.020 B.4. as shown in Koyama Lane 1: Moved by Koyama Lane and seconded by Avalos.,,Government Operations,Not specified in agenda,https://www.portland.gov/council/agenda/2025/8/13,Yea,Yea,Nay,Nay,Nay,Yea,Nay,Yea,Nay,Yea,Nay,Yea
2025-08-13,2025-323,1,Establish new City Council committee structure,Amendment,Motion to amend Exhibit A as shown in Dunphy A: Moved by Dunphy and seconded by Koyama Lane.,,Government Operations,Not specified in agenda,https://www.portland.gov/council/agenda/2025/8/13,Nay,Nay,Nay,Nay,Yea,Yea,Yea,Nay,Yea,Nay,Nay,Nay
2025-08-14,2025-323,1,Establish new City Council committee structure,Procedural,Motion to table the item: Moved by Clark and seconded by Smith.,,Government Operations,Not specified in agenda,https://www.portland.gov/council/agenda/2025/8/13,Nay,Nay,Absent,Yea,Yea,Nay,Yea,Nay,Yea,Nay,Yea,Nay
2025-08-14,2025-323,2,Establish new City Council committee structure,Amendment,Vote on Pirtle-Guiney A amendments in Sections B.1.a. and 5. in Exhibit A,,Government Operations,Not specified in agenda,https://www.portland.gov/council/agenda/2025/8/13,Nay,Nay,Nay,Yea,Nay,Yea,Nay,Nay,Nay,Nay,Nay,Nay
2025-08-14,2025-323,3,Establish new City Council committee structure,Amendment,Vote to amend Exhibit A as shown in Dunphy B: Previously moved by Dunphy and seconded by Green.,,Government Operations,Not specified in agenda,https://www.portland.gov/council/agenda/2025/8/13,Yea,Nay,Nay,Nay,Nay,Yea,Nay,Yea,Nay,Nay,Nay,Nay
2025-08-14,2025-323,4,Establish new City Council committee structure,Amendment,Motion to amend Exhibit A as shown in Dunphy C: Moved by Dunphy and seconded by Zimmerman.,,Government Operations,Not specified in agenda,https://www.portland.gov/council/agenda/2025/8/13,Nay,Nay,Nay,Nay,Nay,Yea,Nay,Nay,Nay,Nay,Nay,Nay
2025-08-14,2025-323,5,Establish new City Council committee structure,Amendment,Motion to amend Exhibit A as shown in Dunphy D: Moved by Dunphy and seconded by Green.,,Government Operations,Not specified in agenda,https://www.portland.gov/council/agenda/2025/8/13,Nay,Nay,Nay,Nay,Nay,Yea,Nay,Yea,Nay,Nay,Nay,Nay
2025-09-03,,1,Meeting business,Procedural,Document Number 2025-303 was pulled from the consent agenda. The balance of the consent agenda was approved with a vote of,,Government Operations,Not specified in agenda,https://www.portland.gov/council/agenda/2025/9/3,Yea,Yea,Yea,Yea,Yea,Yea,Yea,Yea,Yea,Yea,Yea,Yea
2025-09-17,,1,Meeting business,Procedural,Document numbers 2025-329 and 2025-354 were pulled from the consent agenda. The balance of the consent agenda was approved with a vote of,,Government Operations,Not specified in agenda,https://www.portland.gov/council/agenda/2025/9/17,Yea,Yea,Yea,Yea,Yea,Yea,Yea,Yea,Yea,Yea,Yea,Yea
2025-09-17,2025-204,1,Reaffirm Council commitment to the Vision Zero Action Plan and convene a cross-bureau Vision Zero Task Force,Motion,"Motion to add the following Resolved Statement, ""BE IT FURTHER RESOLVED, that the Vision Zero Task Force shall ensure meaningful community engagement in the development of its analysis and action plan, and inform communities of the new action plan."": Moved by Avalos and seconded by Koyama Lane.",,Transportation; Public Safety,Not specified in agenda,https://www.portland.gov/council/agenda/2025/9/17,Yea,Yea,Yea,Yea,Yea,Yea,Yea,Yea,Yea,Yea,Yea,Yea
2025-09-17,2025-204,2,Reaffirm Council commitment to the Vision Zero Action Plan and convene a cross-bureau Vision Zero Task Force,Motion,"Motion to add the following Resolved Statement, ""BE IT FURTHER RESOLVED, that the Vision Zero Task Force shall specifically examine the overrepresentation of traffic fatalities involving people experiencing homelessness, conduct an analysis of the underlying causes, and recommend targeted strategies to reduce and prevent these deaths."": Moved by Zimmerman and seconded by Kanal.",,Transportation; Public Safety,Not specified in agenda,https://www.portland.gov/council/agenda/2025/9/17,Yea,Yea,Yea,Yea,Yea,Yea,Yea,Yea,Yea,Yea,Yea,Yea
2025-09-24,,1,Meeting business,Procedural,Document Number 2025-303 was pulled from the consent agenda. The balance of the consent agenda was approved with a vote of,,Government Operations,Not specified in agenda,https://www.portland.gov/council/agenda/2025/9/24,Yea,Yea,Yea,Yea,Absent,Yea,Yea,Yea,Yea,Yea,Yea,Yea
2025-10-01,2025-373,1,"Reappoint Bruce Broussard, Kelly Holtz, and Tim Larson to the River Community Advisory Committee for terms to expire April 12, 2028",Amendment,Motion to amend the report as shown in Kanal 1: Moved by Kanal and seconded by Dunphy.,,Environment & Energy,Not specified in agenda,https://www.portland.gov/council/agenda/2025/10/1,Absent,Yea,Absent,Nay,Nay,Yea,Absent,Yea,Absent,Yea,Absent,Yea
2025-10-01,2025-365,1,Establish a charge to fund City payment of the Flood Safety Benefit Fee to the Urban Flood Safety and Water Quality District,Amendment,Motion to amend Exhibit A as shown in Zimmerman 1: Moved by Zimmerman and seconded by Green.,,Utilities; Budget & Taxes,Not specified in agenda,https://www.portland.gov/council/agenda/2025/10/1,Yea,Yea,Yea,Yea,Yea,Yea,Yea,Yea,Absent,Yea,Yea,Yea
2025-10-08,2025-330,1,"Authorize Bureau of Transportation to acquire certain temporary rights necessary for construction of the NE Shaver Sidewalk, 102nd to 115th Avenue Project, through the exercise of the City’s Eminent Domain Authority",Amendment,Motion to amend the Ordinance as shown in Pirtle-Guiney 1: Moved by Pirtle-Guiney and seconded by Ryan.,,Transportation,Not specified in agenda,https://www.portland.gov/council/agenda/2025/10/8,Yea,Yea,Yea,Yea,Yea,Absent,Yea,Yea,Yea,Nay,Yea,Absent
2025-10-08,2025-374,1,"Amend City Code to adopt State of Oregon Building Codes by reference (amend Code Title 24 and Sections 25.01.020, 26.01.030, and 27.01.030)",Amendment,"Motion to amend Exhibits A, B, C, and D as shown in Dunphy 1: Moved by Kanal and seconded by Zimmerman.",,Land Use & Planning,Not specified in agenda,https://www.portland.gov/council/agenda/2025/10/8,Yea,Yea,Yea,Yea,Yea,Absent,Absent,Yea,Yea,Yea,Yea,Yea
2025-10-08,2025-370,1,Require City Administrator to develop a plan that establishes a storefront support program,Motion,"Motion to add the following after the first Resolved Statement, ""1. Definition of “storefront business” and scope of the Storefront Support Program, including a plan for how support would be distributed across Portland districts;"" Moved by Kanal and seconded by Pirtle-Guiney.",,Economic Development,Not specified in agenda,https://www.portland.gov/council/agenda/2025/10/8,Yea,Yea,Yea,Yea,Nay,Yea,Yea,Yea,Yea,Yea,Yea,Yea
2025-10-08,2025-370,2,Require City Administrator to develop a plan that establishes a storefront support program,Amendment,"Motion to amend the fourth Whereas Statement to add the following at the end, ""although there is no current plan to reduce taxes, the City should keep this fact in mind in its approach to issues relating to its businesses; and"" and to strike ""local"": Moved by Novick and seconded by Smith.",,Economic Development,Not specified in agenda,https://www.portland.gov/council/agenda/2025/10/8,Nay,Nay,Yea,Nay,Nay,Yea,Nay,Yea,Nay,Nay,Yea,Yea
2025-10-08,2025-370,3,Require City Administrator to develop a plan that establishes a storefront support program,Motion,"Motion to add the following at the end of the first Resolved Statement, ""10. Inclusion of a storefront representative from each Portland district to provide feedback and to ensure equitable citywide access is included in program implementation recommendations."" Moved by Ryan and seconded Kanal.",,Economic Development,Not specified in agenda,https://www.portland.gov/council/agenda/2025/10/8,Yea,Yea,Yea,Yea,Nay,Yea,Yea,Yea,Yea,Yea,Yea,Yea
2025-10-08,2025-370,4,Require City Administrator to develop a plan that establishes a storefront support program,Amendment,"Vote on amend the sixth Whereas Statement to replace ""decreased"" with ""the"" and strike ""declining""",,Economic Development,Not specified in agenda,https://www.portland.gov/council/agenda/2025/10/8,Yea,Yea,Nay,Absent,Nay,Yea,Yea,Yea,Yea,Yea,Yea,Yea
2025-10-08,2025-370,5,Require City Administrator to develop a plan that establishes a storefront support program,Motion,Vote on strike the fourth Whereas Statement,,Economic Development,Not specified in agenda,https://www.portland.gov/council/agenda/2025/10/8,Yea,Yea,Nay,Yea,Nay,Yea,Yea,Yea,Nay,Yea,Yea,Yea
2025-10-15,2025-351,1,"Adopt the Portland Urban Forest Plan to improve public health, build resilience to climate change, and promote environmental justice",Procedural,"Motion to limit debate to an additional 20 minutes, and then move to a vote or to postpone: Moved by Kanal and seconded by Dunphy.",,Environment & Energy; Parks & Recreation,Not specified in agenda,https://www.portland.gov/council/agenda/2025/10/15,Yea,Yea,Yea,Yea,Yea,Yea,Yea,Yea,Nay,Yea,Yea,Yea
2025-10-15,2025-351,2,"Adopt the Portland Urban Forest Plan to improve public health, build resilience to climate change, and promote environmental justice",Motion,Vote called on Dunphy 4,,Environment & Energy; Parks & Recreation,Not specified in agenda,https://www.portland.gov/council/agenda/2025/10/15,Yea,Yea,Nay,Yea,Yea,Yea,Yea,Yea,Nay,Yea,Yea,Yea
2025-10-15,2025-401,1,"Denounce any attempts to deploy the United States Armed Forces, the National Guard, or militarized Federal Immigration Enforcement in Portland and establish the Protect Portland Initiative",Amendment,"Motion to amend resolution to add ""and visitors"" to instances where it says residents: Moved by Kanal and seconded by Pirtle-Guiney.",,Civil Rights & Equity; Public Safety,Not specified in agenda,https://www.portland.gov/council/agenda/2025/10/15,Yea,Yea,Yea,Yea,Yea,Yea,Yea,Yea,Yea,Yea,Yea,Yea
2025-10-15,2025-402,1,Add Code to enact Sanctuary City status protections (add Code Chapter 23.20),Motion,"Motion to change ""residents"" to ""residents and visitors"" in three places: Moved by Kanal and seconded by Morillo.",,Civil Rights & Equity,Not specified in agenda,https://www.portland.gov/council/agenda/2025/10/15,Yea,Yea,Yea,Yea,Yea,Yea,Yea,Yea,Yea,Yea,Yea,Yea
2025-10-15,2025-402,2,Add Code to enact Sanctuary City status protections (add Code Chapter 23.20),Amendment,"Motion to amend Exhibit A as shown in Smith 1 with the addition of the phrase ""Freedom of Information Act requests,"" to 23.20.030 D.2.: Moved by Smith and seconded by Green.",,Civil Rights & Equity,Not specified in agenda,https://www.portland.gov/council/agenda/2025/10/15,Yea,Yea,Yea,Yea,Yea,Yea,Yea,Yea,Yea,Yea,Yea,Yea
2025-10-15,2025-402,3,Add Code to enact Sanctuary City status protections (add Code Chapter 23.20),Amendment,"Motion to amend Exhibit A to include the phrase ""and leased spaces and"" to 23.20.030 C.: Moved by Avalos and seconded by Kanal.",,Civil Rights & Equity,Not specified in agenda,https://www.portland.gov/council/agenda/2025/10/15,Yea,Yea,Yea,Yea,Yea,Yea,Yea,Yea,Yea,Yea,Yea,Yea
2025-10-15,2025-402,4,Add Code to enact Sanctuary City status protections (add Code Chapter 23.20),Motion,Motion to add an emergency clause because it is necessary to urgently strengthen Sanctuary law compliance and enhance safety measures for the community and employees as shown in Kanal 1: Moved by Koyama-Lane and seconded by Morillo.,,Civil Rights & Equity,Not specified in agenda,https://www.portland.gov/council/agenda/2025/10/15,Yea,Yea,Yea,Yea,Yea,Yea,Yea,Yea,Yea,Yea,Yea,Yea
2025-10-22,2025-377,1,Initiate two disparity studies on City contracting and workforce participation,Amendment,Motion to amend the Resolution as shown in Smith 1: Moved by Smith and seconded by Ryan.,,Civil Rights & Equity; Economic Development,Not specified in agenda,https://www.portland.gov/council/agenda/2025/10/22,Yea,Yea,Yea,Yea,Yea,Yea,Yea,Yea,Yea,Yea,Nay,Yea
2025-10-22,2025-351,1,"Adopt the Portland Urban Forest Plan to improve public health, build resilience to climate change, and promote environmental justice",Amendment,Motion to amend Exhibit A as shown in Dunphy 1-3: Moved by Dunphy and seconded by Kanal.,,Environment & Energy; Parks & Recreation,Not specified in agenda,https://www.portland.gov/council/agenda/2025/10/22,Yea,Yea,Yea,Yea,Yea,Yea,Absent,Yea,Nay,Yea,Yea,Yea
2025-10-22,2025-351,2,"Adopt the Portland Urban Forest Plan to improve public health, build resilience to climate change, and promote environmental justice",Amendment,Motion to amend Exhibit A as shown in Dunphy 6: Moved by Dunphy and seconded by Pirtle-Guiney.,,Environment & Energy; Parks & Recreation,Not specified in agenda,https://www.portland.gov/council/agenda/2025/10/22,Yea,Yea,Yea,Nay,Yea,Yea,Absent,Yea,Yea,Yea,Yea,Yea
2025-10-22,2025-351,3,"Adopt the Portland Urban Forest Plan to improve public health, build resilience to climate change, and promote environmental justice",Amendment,Motion to amend Exhibit A as shown in Dunphy 7: Moved by Dunphy and seconded by Pirtle-Guiney.,,Environment & Energy; Parks & Recreation,Not specified in agenda,https://www.portland.gov/council/agenda/2025/10/22,Yea,Yea,Nay,Nay,Nay,Yea,Absent,Yea,Nay,Yea,Nay,Yea
2025-10-22,2025-351,4,"Adopt the Portland Urban Forest Plan to improve public health, build resilience to climate change, and promote environmental justice",Motion,"Motion to replace Action Item 2-3 with ""Sustainably fund and implement a comprehensive citywide street tree maintenance program to reduce financial burdens for Portlanders, improve the health and safety of the city's trees, and support habitat connectivity."": Moved by Novick and seconded by Pirtle-Guiney.",,Environment & Energy; Parks & Recreation,Not specified in agenda,https://www.portland.gov/council/agenda/2025/10/22,Nay,Nay,Yea,Yea,Yea,Nay,Absent,Nay,Yea,Nay,Yea,Nay
2025-10-22,2025-351,5,"Adopt the Portland Urban Forest Plan to improve public health, build resilience to climate change, and promote environmental justice",Amendment,Motion to amend Action Item 2-4 in Exhibit A as shown in Novick 2: Moved by Novick and seconded by Pirtle-Guiney.,,Environment & Energy; Parks & Recreation,Not specified in agenda,https://www.portland.gov/council/agenda/2025/10/22,Nay,Nay,Yea,Nay,Yea,Nay,Absent,Nay,Yea,Nay,Yea,Nay
2025-10-22,2025-351,6,"Adopt the Portland Urban Forest Plan to improve public health, build resilience to climate change, and promote environmental justice",Amendment,"Motion to amend Action Item 2-3 to replace ""establish a plan for"" with ""develop a plan that would, if implemented, allow"": Moved by Pirtle-Guiney and seconded by Kanal.",,Environment & Energy; Parks & Recreation,Not specified in agenda,https://www.portland.gov/council/agenda/2025/10/22,Nay,Nay,Yea,Yea,Yea,Nay,Absent,Yea,Yea,Yea,Yea,Nay
2025-10-29,2025-420,1,Authorize Council to continue operating under the current City Code Chapter 3.02,Procedural,Motion to suspend the rules to add a resolution to the agenda: Moved by Pirtle-Guiney and seconded by Dunphy.,,Government Operations,Not specified in agenda,https://www.portland.gov/council/agenda/2025/10/29,Yea,Absent,Yea,Yea,Yea,Yea,Yea,Yea,Yea,Absent,Yea,Yea
2025-10-29,2025-420,2,Authorize Council to continue operating under the current City Code Chapter 3.02,Motion,"Motion to remove ""in the Governance Committee"" from the second Resolved Statement: Moved by Kanal and seconded by Morillo.",,Government Operations,Not specified in agenda,https://www.portland.gov/council/agenda/2025/10/29,Yea,Absent,Nay,Nay,Nay,Yea,Nay,Yea,Nay,Yea,Yea,Absent
2025-10-30,2025-377,1,Initiate two disparity studies on City contracting and workforce participation,Amendment,Motion to amend the Resolution as shown in Ryan 1. Moved by Ryan and seconded by Clark.,,Civil Rights & Equity; Economic Development,Not specified in agenda,https://www.portland.gov/council/agenda/2025/10/29,Yea,Absent,Yea,Yea,Yea,Yea,Yea,Absent,Yea,Yea,Yea,Yea
2025-11-12,2025-045,1,Amend Affordable Housing Code to add prohibition of anti-competitive rental practices including the sale and use of algorithmic devices (add Code Section 30.01.088),Amendment,Vote called on technical elements of amendment,,Housing; Business Regulation,Not specified in agenda,https://www.portland.gov/council/agenda/2025/11/12-0,Yea,Yea,Nay,Yea,Yea,Yea,Absent,Yea,Nay,Yea,Absent,Absent
2025-11-12,2025-045,2,Amend Affordable Housing Code to add prohibition of anti-competitive rental practices including the sale and use of algorithmic devices (add Code Section 30.01.088),Amendment,Vote called on small landlord exemption portion of amendment,,Housing; Business Regulation,Not specified in agenda,https://www.portland.gov/council/agenda/2025/11/12-0,Yea,Yea,Yea,Yea,Yea,Yea,Yea,Yea,Yea,Nay,Absent,Yea
2025-11-12,2025-403,1,Adopt the FY 2025-26 Fall Supplemental Budget and make other budget related changes,Amendment,Motion to amend proposed amendment Morillo 1 as shown in Kanal 1: Moved by Kanal and seconded by Dunphy.,,FY Budget; Budget & Taxes; Government Operations,Not specified in agenda,https://www.portland.gov/council/agenda/2025/11/12-0,Nay,Yea,Nay,Nay,Nay,Yea,Nay,Yea,Nay,Yea,Nay,Yea
2025-11-12,2025-403,2,Adopt the FY 2025-26 Fall Supplemental Budget and make other budget related changes,Amendment,Motion to amend proposed amendment Morillo 1 as shown in Smith 1: Moved by Smith and seconded by Dunphy.,,FY Budget; Budget & Taxes; Homelessness,Not specified in agenda,https://www.portland.gov/council/agenda/2025/11/12-0,Nay,Nay,Absent,Nay,Absent,Yea,Yea,Nay,Absent,Nay,Nay,Yea
2025-11-12,2025-403,3,Adopt the FY 2025-26 Fall Supplemental Budget and make other budget related changes,Amendment,Motion to amend proposed amendment Morillo 1 as shown in Avalos 1: Moved by Avalos and seconded by Smith.,,FY Budget; Budget & Taxes; Economic Development,Not specified in agenda,https://www.portland.gov/council/agenda/2025/11/12-0,Nay,Yea,Absent,Nay,Absent,Yea,Yea,Nay,Absent,Nay,Nay,Yea
2025-11-12,2025-403,4,Adopt the FY 2025-26 Fall Supplemental Budget and make other budget related changes,Amendment,Motion to amend proposed amendment Morillo 1 as shown in Green 1: Moved by Green and seconded by Kanal.,,FY Budget; Budget & Taxes; Government Operations,Not specified in agenda,https://www.portland.gov/council/agenda/2025/11/12-0,Yea,Yea,Absent,Nay,Absent,Yea,Yea,Yea,Absent,Yea,Nay,Yea
2025-11-12,2025-403,5,Adopt the FY 2025-26 Fall Supplemental Budget and make other budget related changes,Amendment,Motion to amend the ordinance as shown in Morillo 1: Moved by Morillo and seconded by Koyama Lane.,,FY Budget; Budget & Taxes; Homelessness; Economic Development; Government Operations,Not specified in agenda,https://www.portland.gov/council/agenda/2025/11/12-0,Yea,Absent,Absent,Nay,Absent,Yea,Nay,Yea,Absent,Yea,Nay,Yea
2025-11-19,2025-429,1,Add Detention Facility Impact Fee Code to ensure fair cost sharing in high-impact land uses and to reduce burden on Portland taxpayers (add Code Chapter 5.80),Amendment,Motion to amend the Ordinance and Exhibit A as shown in Morillo 1: Moved by Morillo and seconded by Pirtle-Guiney.,,Budget & Taxes; Land Use & Planning,Not specified in agenda,https://www.portland.gov/council/agenda/2025/11/19,Yea,Yea,Yea,Yea,Absent,Yea,Yea,Yea,Absent,Yea,Absent,Yea
2025-11-20,2025-403,1,Adopt the FY 2025-26 Fall Supplemental Budget and make other budget related changes,Amendment,Motion to amend the Ordinance as shown in Smith 2: Moved by Smith and seconded by Dunphy.,,FY Budget; Budget & Taxes; Government Operations,Not specified in agenda,https://www.portland.gov/council/agenda/2025/11/19,Yea,Absent,Nay,Nay,Nay,Yea,Yea,Nay,Nay,Absent,Absent,Yea
2025-12-03,2025-436,1,Adopt City of Portland Investment Policy,Amendment,Motion to amend the Resolution as shown in Kanal 1: Moved by Kanal and seconded by Koyama Lane.,,Budget & Taxes,Not specified in agenda,https://www.portland.gov/council/agenda/2025/12/3,Yea,Yea,Nay,Nay,Nay,Yea,Yea,Yea,Absent,Yea,Yea,Yea
2025-12-18,2025-479,1,Appoint members to the Portland Street Response Committee,Motion,Vote called on appointment of Rebekah Morgan,,Public Safety,Not specified in agenda,https://www.portland.gov/council/agenda/2025/12/17,Yea,Yea,Nay,Nay,Nay,Nay,Nay,Yea,Nay,Yea,Nay,Yea
2025-12-18,2025-465,1,Request the City Budget Office provide balanced program offer information for Portland Parks & Recreation as pilot project for FY 2026-27 budget,Amendment,Motion to amend the Resolution as shown in Avalos 1: Moved by Avalos and seconded by Zimmerman.,,FY Budget; Budget & Taxes; Parks & Recreation; Government Transparency,Not specified in agenda,https://www.portland.gov/council/agenda/2025/12/17,Yea,Yea,Yea,Yea,Yea,Yea,Yea,Yea,Yea,Yea,Nay,Yea
2025-12-18,2025-441,1,Adopt procedure for annual Council strategic priority setting,Amendment,Motion to amend the Resolution as shown in Kanal-Ryan 1: Moved by Kanal and seconded by Clark.,,Government Operations,Not specified in agenda,https://www.portland.gov/council/agenda/2025/12/17,Yea,Yea,Yea,Yea,Yea,Yea,Yea,Yea,Yea,Yea,Yea,Yea
2025-12-18,2025-441,2,Adopt procedure for annual Council strategic priority setting,Amendment,Motion to amend the Resolution as shown in Avalos 3: Moved by Avalos and seconded by Kanal.,,Government Operations,Not specified in agenda,https://www.portland.gov/council/agenda/2025/12/17,Yea,Yea,Nay,Nay,Yea,Yea,Yea,Yea,Nay,Yea,Absent,Yea
2025-12-18,2025-441,3,Adopt procedure for annual Council strategic priority setting,Amendment,Motion to amend the Resolution as shown in Avalos 4: Moved by Avalos and seconded by Morillo.,,Government Operations,Not specified in agenda,https://www.portland.gov/council/agenda/2025/12/17,Yea,Yea,Nay,Nay,Nay,Yea,Nay,Yea,Nay,Yea,Absent,Nay
2025-12-18,2025-441,4,Adopt procedure for annual Council strategic priority setting,Amendment,Motion to amend the Resolution as shown in Avalos 6: Moved by Avalos and seconded by Morillo.,,Government Operations,Not specified in agenda,https://www.portland.gov/council/agenda/2025/12/17,Yea,Yea,Nay,Nay,Nay,Yea,Nay,Yea,Nay,Yea,Nay,Yea
2025-12-18,2025-441,5,Adopt procedure for annual Council strategic priority setting,Amendment,Motion to amend the Resolution as shown in Avalos 7: Moved by Avalos and seconded by Kanal.,,Government Operations,Not specified in agenda,https://www.portland.gov/council/agenda/2025/12/17,Yea,Yea,Nay,Yea,Nay,Yea,Nay,Yea,Nay,Yea,Yea,Yea
2026-01-07,,1,Council President and Vice President Election,Motion,Motion to approve the recommended procedure to elect a Council President and Council Vice President. Moved by Kanal and seconded by Clark.,,Government Operations,Not specified in agenda,https://www.portland.gov/council/agenda/2026/1/7,Yea,Yea,Yea,Yea,Yea,Yea,Yea,Yea,Yea,Yea,Yea,Yea
2026-01-07,,2,Council President and Vice President Election,Procedural,Motion to call the question: Moved by Smith and seconded by Clark.,,Government Operations,Not specified in agenda,https://www.portland.gov/council/agenda/2026/1/7,Nay,Nay,Yea,Nay,Yea,Nay,Yea,Nay,Yea,Nay,Nay,Nay
2026-01-14,,1,Council President and Vice President Election,Procedural,"Appeal to sustain the Council President's ruling on the point of order: Avalos, Morillo, and Dunphy.",,Government Operations,Not specified in agenda,https://www.portland.gov/council/agenda/2026/1/7,Nay,Nay,Yea,Yea,Yea,Nay,Yea,Nay,Yea,Yea,Yea,Nay
2026-01-14,,2,Council President and Vice President Election,Procedural,Vote to suspend the rules.,,Government Operations,Not specified in agenda,https://www.portland.gov/council/agenda/2026/1/7,Nay,Nay,Yea,Yea,Yea,Nay,Yea,Nay,Yea,Nay,Yea,Nay
2026-01-14,,3,Council President and Vice President Election,Motion,Motion to change the procedure to elect Council President by voting yes or no for each candidate in order of nomination: Moved by Clark and seconded by Novick.,,Government Operations,Not specified in agenda,https://www.portland.gov/council/agenda/2026/1/7,Nay,Nay,Yea,Nay,Yea,Nay,Nay,Nay,Yea,Nay,Yea,Nay
2026-01-14,,4,Council President and Vice President Election,Procedural,Motion to recess: Moved by Smith and seconded by Clark.,,Government Operations,Not specified in agenda,https://www.portland.gov/council/agenda/2026/1/7,Nay,Nay,Yea,Nay,Yea,Nay,Yea,Nay,Yea,Nay,Yea,Nay
2026-01-14,2026-003,1,Adopt the Budget Calendar for FY 2026-27,Amendment,Motion to amend Exhibit A as shown in Kanal 1: Moved by Kanal and seconded by Novick.,,FY Budget,Not specified in agenda,https://www.portland.gov/council/agenda/2026/1/14,Yea,Yea,Yea,Yea,Nay,Yea,Yea,Yea,Yea,Yea,Yea,Yea
2026-01-14,2025-493,1,"Establish a Portland City Council Governance Handbook to collect policies, procedures, and current practices to support City operations and improve transparency",Amendment,Motion to amend Exhibit A as shown in Pirtle-Guiney 1-3: Moved by Pirtle-Guiney and seconded by Kanal.,,Government Transparency; Government Operations,Not specified in agenda,https://www.portland.gov/council/agenda/2026/1/14,Absent,Yea,Yea,Yea,Absent,Yea,Absent,Yea,Yea,Yea,Yea,Yea
2026-01-14,2025-493,2,"Establish a Portland City Council Governance Handbook to collect policies, procedures, and current practices to support City operations and improve transparency",Amendment,Motion to amend Exhibit A as shown in Dunphy 1: Moved by Dunphy and seconded by Koyama Lane.,,Government Transparency; Government Operations,Not specified in agenda,https://www.portland.gov/council/agenda/2026/1/14,Absent,Yea,Yea,Yea,Absent,Yea,Absent,Yea,Yea,Yea,Yea,Yea
2026-01-21,2026-004,1,January 2026 City Administrator Report,Motion,Motion to accept the report: Moved by Kanal and seconded by Clark.,,Government Operations,Not specified in agenda,https://www.portland.gov/council/agenda/2026/1/21,Yea,Yea,Yea,Yea,Yea,Yea,Yea,Yea,Yea,Yea,Yea,Yea
2026-01-21,2025-467,1,"Assess property for sidewalk, curb and driveway repair for the Portland Bureau of Transportation (Y1106)",Amendment,Motion to amend the Ordinance and Exhibit A as shown in Zimmerman 1: Moved by Zimmerman and seconded by Ryan.,,Transportation,Not specified in agenda,https://www.portland.gov/council/agenda/2026/1/21,Yea,Yea,Yea,Yea,Yea,Yea,Yea,Yea,Yea,Yea,Yea,Yea
2026-01-28,,1,Meeting business,Procedural,The consent agenda was approved on a Y-11 roll call.,,Government Operations,Not specified in agenda,https://www.portland.gov/council/agenda/2026/1/28,Yea,Yea,Absent,Yea,Yea,Yea,Yea,Yea,Yea,Yea,Yea,Yea
2026-01-28,2025-478,1,"Establish City Council’s priorities for the allocation of approximately $20,700,000 in unspent Rental Services Office funds and urge the Mayor to reflect these priorities in the Proposed Budget",Procedural,Motion to call the question: Moved by Smith and seconded by Avalos.,,Housing; Budget & Taxes,Not specified in agenda,https://www.portland.gov/council/agenda/2026/1/28,Yea,Yea,Nay,Nay,Nay,Yea,Yea,Yea,Nay,Nay,Nay,Yea
2026-01-28,2025-478,2,"Establish City Council’s priorities for the allocation of approximately $20,700,000 in unspent Rental Services Office funds and urge the Mayor to reflect these priorities in the Proposed Budget",Amendment,Motion to amend the Resolution as shown in Avalos/Dunphy/Smith 3: Moved by Avalos and seconded by Koyama Lane.,,Housing; Budget & Taxes,Not specified in agenda,https://www.portland.gov/council/agenda/2026/1/28,Yea,Yea,Nay,Nay,Yea,Yea,Yea,Yea,Nay,Yea,Nay,Yea
2026-01-28,2025-478,3,"Establish City Council’s priorities for the allocation of approximately $20,700,000 in unspent Rental Services Office funds and urge the Mayor to reflect these priorities in the Proposed Budget",Amendment,Motion to amend the Resolution as shown in Zimmerman 1: Moved by Zimmerman and seconded by Clark.,,Housing; Budget & Taxes,Not specified in agenda,https://www.portland.gov/council/agenda/2026/1/28,Nay,Nay,Yea,Yea,Yea,Nay,Yea,Nay,Yea,Nay,Yea,Nay
2026-01-29,2025-480,1,Add Code to establish a City Data and Privacy Office (add Code Chapter 3.39),Amendment,Motion to amend Exhibit A as shown in Novick 1: Moved by Kanal and seconded by Koyama Lane.,,Government Transparency; Government Operations,Not specified in agenda,https://www.portland.gov/council/agenda/2026/1/28,Yea,Yea,Yea,Yea,Absent,Yea,Yea,Yea,Yea,Yea,Yea,Yea
2026-02-04,,1,Meeting business,Procedural,Items 2026-017 and 2026-018 were pulled from the consent agenda and on a Y-12 roll call the balance of the consent agenda was approved,,Government Operations,Not specified in agenda,https://www.portland.gov/council/agenda/2026/2/4,Yea,Yea,Yea,Yea,Yea,Yea,Yea,Yea,Yea,Yea,Yea,Yea
2026-02-04,2026-046,1,Require City Administrator to release public records in reference to unspent surplus funds and schedule an oversight hearing,Procedural,Motion to limit debate on the technical questions to the current queue: Moved by Kanal and seconded by Novick.,,Government Transparency; Budget & Taxes,Not specified in agenda,https://www.portland.gov/council/agenda/2026/2/4,Yea,Yea,Yea,Nay,Yea,Yea,Yea,Yea,Yea,Yea,Yea,Yea
2026-02-04,2026-046,2,Require City Administrator to release public records in reference to unspent surplus funds and schedule an oversight hearing,Amendment,Motion to amend the Resolution as shown in Green 1: Moved by Green and seconded by Avalos.,,Government Transparency; Budget & Taxes,Not specified in agenda,https://www.portland.gov/council/agenda/2026/2/4,Yea,Yea,Yea,Yea,Yea,Yea,Yea,Yea,Yea,Yea,Yea,Yea
2026-02-04,2026-046,3,Require City Administrator to release public records in reference to unspent surplus funds and schedule an oversight hearing,Amendment,"Motion to amend the Resolution to replace the last Resolved Statement with ""BE IT FURTHER RESOLVED the Council direct the City Administrator to perform an investigation into the Portland Housing bureaus funds or work with the City Auditor to enter into an audit of these finances, beginning within the next month."": Moved by Pirtle-Guiney and seconded by Novick.",,Government Transparency; Budget & Taxes,Not specified in agenda,https://www.portland.gov/council/agenda/2026/2/4,Nay,Nay,Yea,Yea,Nay,Nay,Nay,Nay,Yea,Nay,Yea,Nay
2026-02-05,2025-471,1,"Add Appointed Boards, Commissions and Committees Code (add Code Chapter 3.40)",Amendment,Motion to amend Exhibit A as shown in Dunphy/Koyama Lane 1 and 2: Moved by Dunphy and seconded by Ryan.,,Government Operations,Not specified in agenda,https://www.portland.gov/council/agenda/2026/2/4,Yea,Yea,Yea,Yea,Yea,Yea,Yea,Yea,Yea,Yea,Yea,Yea
2026-02-05,2025-471,2,"Add Appointed Boards, Commissions and Committees Code (add Code Chapter 3.40)",Amendment,Motion to amend the Ordinance as shown in Koyama Lane 3: Moved by Koyama Lane and seconded by Ryan.,,Government Operations,Not specified in agenda,https://www.portland.gov/council/agenda/2026/2/4,Yea,Yea,Yea,Yea,Yea,Yea,Yea,Yea,Yea,Yea,Yea,Yea
2026-02-05,2025-481,1,"Direct the City Administrator to establish a City Data and Privacy Office to advance privacy protections, steward data assets, and minimize risks from data brokers, uncontrolled sharing of personal information, and secondary data use",Amendment,Motion to amend Exhibit A as shown in Novick 3: Moved by Novick and seconded by Kanal.,,Government Transparency; Government Operations,Not specified in agenda,https://www.portland.gov/council/agenda/2026/2/4,Yea,Yea,Yea,Yea,Yea,Yea,Yea,Yea,Yea,Yea,Yea,Yea
2026-02-05,2025-481,2,"Direct the City Administrator to establish a City Data and Privacy Office to advance privacy protections, steward data assets, and minimize risks from data brokers, uncontrolled sharing of personal information, and secondary data use",Amendment,Motion to amend Exhibit A as shown in Novick 3: Moved by Novick and seconded by Kanal.,,Government Transparency; Government Operations,Not specified in agenda,https://www.portland.gov/council/agenda/2026/2/4,Yea,Yea,Yea,Yea,Yea,Yea,Yea,Yea,Yea,Yea,Yea,Yea
2026-02-05,2025-481,3,"Direct the City Administrator to establish a City Data and Privacy Office to advance privacy protections, steward data assets, and minimize risks from data brokers, uncontrolled sharing of personal information, and secondary data use",Amendment,Motion to amend Exhibit A as shown in Kanal 1: Moved by Novick and seconded by Kanal.,,Government Transparency; Government Operations,Not specified in agenda,https://www.portland.gov/council/agenda/2026/2/4,Yea,Yea,Yea,Yea,Yea,Yea,Yea,Yea,Yea,Yea,Yea,Yea
2026-02-05,2026-047,1,Accept removals from Community Board for Police Accountability recommended by administration due to ineligibility and cause and appoint alternates to vacant seats,Amendment,Motion to amend the Report as shown in Dunphy 1: Moved by Dunphy and seconded by Kanal.,,Public Safety; Government Transparency,Not specified in agenda,https://www.portland.gov/council/agenda/2026/2/4,Yea,Yea,Yea,Yea,Nay,Yea,Yea,Yea,Yea,Yea,Yea,Yea
2026-02-11,2026-047,1,Accept removals from Community Board for Police Accountability recommended by administration due to ineligibility and cause and appoint alternates to vacant seats,Amendment,Motion to amend the report as shown in Dunphy 2: Moved by Dunphy and seconded by Kanal.,,Public Safety; Government Transparency,Not specified in agenda,https://www.portland.gov/council/agenda/2026/2/11,Yea,Yea,Yea,Yea,Yea,Yea,Absent,Yea,Yea,Yea,Yea,Yea
2026-02-11,2026-047,2,Accept removals from Community Board for Police Accountability recommended by administration due to ineligibility and cause and appoint alternates to vacant seats,Motion,Vote called to approve portion of report to declare Schuyler (Hugh) Halsey ineligible,,Public Safety; Government Transparency,Not specified in agenda,https://www.portland.gov/council/agenda/2026/2/11,Nay,Nay,Yea,Yea,Yea,Nay,Nay,Nay,Yea,Nay,Yea,Nay
2026-02-11,2026-047,3,Accept removals from Community Board for Police Accountability recommended by administration due to ineligibility and cause and appoint alternates to vacant seats,Motion,Vote called to approve portion of report to remove Bob Weinstein for cause,,Public Safety; Government Transparency,Not specified in agenda,https://www.portland.gov/council/agenda/2026/2/11,Yea,Yea,Nay,Yea,Nay,Yea,Nay,Yea,Nay,Nay,Yea,Yea
2026-02-12,2026-069,1,Appoint members to the Community Board for Police Accountability,Amendment,Motion to amend the Ordinance and replace Exhibit A as shown in Kanal 1: Moved by Kanal and seconded by Dunphy.,,Public Safety; Government Transparency,Not specified in agenda,https://www.portland.gov/council/agenda/2026/2/11,Yea,Yea,Absent,Yea,Absent,Yea,Yea,Yea,Yea,Yea,Yea,Yea
2026-02-12,2026-042,1,Require Deputy City Administrator for Public Safety to provide a report on police officer recruitment goals and costs,Motion,"Motion to change the April 30, 2026 date in the Resolution to May 30, 2026: Moved by Novick and seconded by Kanal.",,Public Safety,Not specified in agenda,https://www.portland.gov/council/agenda/2026/2/11,Yea,Yea,Nay,Absent,Nay,Yea,Nay,Yea,Nay,Yea,Yea,Absent
2026-02-12,2026-042,2,Require Deputy City Administrator for Public Safety to provide a report on police officer recruitment goals and costs,Motion,"Motion to change the April 30, 2026 date in the Resolution to June 1, 2026: Moved by Morillo and seconded by Novick.",,Public Safety,Not specified in agenda,https://www.portland.gov/council/agenda/2026/2/11,Yea,Yea,Nay,Nay,Nay,Yea,Nay,Yea,Nay,Yea,Yea,Yea
2026-02-18,,1,Meeting business,Procedural,"Motion to recess the meeting and reconvene February 19, 2026 at 2:00 p.m.: Moved by Novick and seconded by Avalos.",,Government Operations,Not specified in agenda,https://www.portland.gov/council/agenda/2026/2/18,Yea,Yea,Yea,Yea,Absent,Yea,Absent,Yea,Yea,Yea,Yea,Yea
2026-02-18,2025-478,1,"Establish City Council’s priorities for the allocation of approximately $20,700,000 in unspent Rental Services Office funds and urge the Mayor to reflect these priorities in the Proposed Budget",Procedural,Vote called to postpone Item 2025-478,,Housing; Budget & Taxes,Not specified in agenda,https://www.portland.gov/council/agenda/2026/2/18,Yea,Yea,Yea,Nay,Nay,Yea,Nay,Yea,Yea,Nay,Yea,Yea
2026-02-18,2026-010,1,Adopt a supplemental budget for the Portland Housing Bureau for FY 2025-26,Procedural,Vote called to postpone Item 2026-010,,FY Budget; Housing,Not specified in agenda,https://www.portland.gov/council/agenda/2026/2/18,Yea,Yea,Yea,Nay,Nay,Yea,Nay,Yea,Nay,Yea,Yea,Yea
2026-02-18,2026-070,1,Adopt a supplemental budget for the Portland Housing Bureau,Procedural,Vote called to postpone Item 2026-070,,FY Budget; Housing,Not specified in agenda,https://www.portland.gov/council/agenda/2026/2/18,Yea,Yea,Nay,Nay,Nay,Yea,Nay,Yea,Yea,Yea,Yea,Yea
2026-02-19,2026-071,1,Amend Council Committee Code to allow for the creation of a Council Committee of the Whole (amend Code Section 3.02.050),Amendment,Motion to amend Exhibit A as shown in Kanal 1: Moved by Kanal and seconded by Clark.,,Government Operations,Not specified in agenda,https://www.portland.gov/council/agenda/2026/2/18,Yea,Yea,Yea,Yea,Yea,Yea,Nay,Yea,Yea,Yea,Yea,Yea
2026-02-19,2026-072,1,Establish new City Council committees,Amendment,"Motion to amend Exhibit A as shown in Dunphy 1, 2 and 3: Moved by Dunphy and seconded by Clark.",,Government Operations,Not specified in agenda,https://www.portland.gov/council/agenda/2026/2/18,Absent,Yea,Nay,Nay,Nay,Yea,Nay,Yea,Yea,Yea,Yea,Yea
2026-02-19,2026-072,2,Establish new City Council committees,Amendment,"Motion to amend Exhibit A to add ""Portland Clean Energy Fund"" to Section 5.a.i. under Committee of the Whole: Moved by Smith and seconded by Ryan.",,Government Operations,Not specified in agenda,https://www.portland.gov/council/agenda/2026/2/18,Absent,Nay,Yea,Nay,Nay,Nay,Yea,Yea,Nay,Nay,Nay,Nay
2026-02-19,2026-072,3,Establish new City Council committees,Amendment,"Motion to amend the Resolution to add ""effective March 30, 2026"" to the end of the first Resolved Statement: Moved by Dunphy and seconded by Avalos.",,Government Operations,Not specified in agenda,https://www.portland.gov/council/agenda/2026/2/18,Absent,Yea,Yea,Yea,Yea,Yea,Yea,Yea,Yea,Yea,Yea,Yea
2026-02-19,2026-074,1,​​Declare the City of Portland will defend the rights of transgender people and all of the LGBTQIA2S+ community​,Amendment,Motion to amend Resolution as shown in Koyama Lane 1: Moved by Koyama Lane and seconded by Ryan.,The City's minutes list Morillo as both Absent and Yea; left blank here.,Civil Rights & Equity,Not specified in agenda,https://www.portland.gov/council/agenda/2026/2/18,,Yea,Yea,Yea,Yea,Yea,Nay,Yea,Yea,Yea,Yea,Yea
2026-02-25,,1,Meeting business,Procedural,The consent agenda was approved on a Y-11 roll call.,,Government Operations,Not specified in agenda,https://www.portland.gov/council/agenda/2026/2/25,Yea,Yea,Absent,Yea,Yea,Yea,Yea,Yea,Yea,Yea,Yea,Yea
2026-02-25,,1,Agenda approval,Procedural,Motion to postpone items 2026-073 and 2026-074 to next week's agenda: Moved by Pirtle-Guiney and seconded by Clark.,,Government Operations,Not specified in agenda,https://www.portland.gov/council/agenda/2026/2/25,Nay,Nay,Absent,Yea,Yea,Yea,Yea,Nay,Yea,Nay,Yea,Nay
2026-02-25,,2,Agenda approval,Procedural,The agenda was approved.,,Government Operations,Not specified in agenda,https://www.portland.gov/council/agenda/2026/2/25,Yea,Yea,Absent,Yea,Nay,Yea,Nay,Yea,Yea,Yea,Yea,Yea
2026-02-25,2026-073,1,​​Amend Civil Rights Code related to sexual orientation and family status definitions and amend nondiscrimination clauses (amend Code Section 14A.50.110 and Code Chapter 23.01),Procedural,Vote called to postpone Item 2026-073 to next Wednesday's meeting,,Civil Rights & Equity,Not specified in agenda,https://www.portland.gov/council/agenda/2026/2/25,Nay,Nay,Absent,Yea,Yea,Yea,Yea,Nay,Absent,Nay,Yea,Nay
2026-02-25,2026-073,2,​​Amend Civil Rights Code related to sexual orientation and family status definitions and amend nondiscrimination clauses (amend Code Section 14A.50.110 and Code Chapter 23.01),Amendment,Motion to amend Exhibit B as shown in Koyama Lane 1: Moved by Koyama Lane and seconded by Avalos.,,Civil Rights & Equity,Not specified in agenda,https://www.portland.gov/council/agenda/2026/2/25,Yea,Yea,Absent,Yea,Yea,Yea,Yea,Yea,Absent,Yea,Yea,Yea
2026-02-25,2026-074,1,​​Declare the City of Portland will defend the rights of transgender people and all of the LGBTQIA2S+ community​,Procedural,Vote called to postpone Item 2026-074 to next Wednesday's meeting,,Civil Rights & Equity,Not specified in agenda,https://www.portland.gov/council/agenda/2026/2/25,Yea,Yea,Absent,Yea,Yea,Yea,Nay,Yea,Absent,Yea,Yea,Yea
2026-02-25,2026-022,1,Amend the Portland Clean Energy Community Benefit Fund Climate Investment Plan​,Motion,Motion to approve Avalos 1 to restore the funding allocation recommendations as shown in Exhibit A as proposed by the PCEF committee and submitted by the Bureau of Planning and Sustainability: Moved by Avalos and seconded by Green.,,Environment & Energy; Budget & Taxes,Not specified in agenda,https://www.portland.gov/council/agenda/2026/2/25,Yea,Yea,Absent,Yea,Yea,Yea,Yea,Yea,Absent,Yea,Nay,Yea
2026-03-04,,1,Meeting business,Procedural,Item 2026-079 was pulled from the consent agenda and on a Y-12 roll call the balance of the consent agenda was approved,,Government Operations,Not specified in agenda,https://www.portland.gov/council/agenda/2026/3/4,Yea,Yea,Yea,Yea,Yea,Yea,Yea,Yea,Yea,Yea,Yea,Yea
2026-03-04,,1,Agenda approval,Procedural,"Motion to reorder agenda to hear items 2026-080, 2026-073, and 2026-074 next: Moved by Pirtle-Guiney and seconded by Green.",,Government Operations,Not specified in agenda,https://www.portland.gov/council/agenda/2026/3/4,Yea,Yea,Yea,Yea,Yea,Yea,Yea,Yea,Yea,Absent,Yea,Yea
2026-03-04,2026-022,1,Amend the Portland Clean Energy Community Benefit Fund Climate Investment Plan​,Amendment,Motion to amend Exhibit A to delete pages 9-11 to restore Strategic Program 14: Moved by Green and seconded by Morillo.,,Environment & Energy; Budget & Taxes,Not specified in agenda,https://www.portland.gov/council/agenda/2026/3/4,Yea,Yea,Nay,Nay,Nay,Yea,Nay,Yea,Nay,Yea,Yea,Yea
2026-03-04,2026-053,1,"Amend the FY 2025–26 Appropriation Schedule to reallocate $150,000 from the Legal Priorities Reserve Fund to support refugee and immigration legal services",Amendment,Motion to amend the Ordinance and Exhibit A as shown in Avalos 1: Moved by Avalos and seconded by Morillo.,,Civil Rights & Equity; Budget & Taxes,Not specified in agenda,https://www.portland.gov/council/agenda/2026/3/4,Yea,Yea,Nay,Nay,Nay,Yea,Nay,Yea,Nay,Nay,Nay,Yea
2026-03-11,2026-055,1,Amend Campaign Finance Code to maintain enforcement of voter-approved regulations following court order (amend Code Chapter 2.10),Amendment,Motion to amend Exhibit A as shown in Morillo 1: Moved by Morillo and seconded by Kanal.,,Government Transparency,Not specified in agenda,https://www.portland.gov/council/agenda/2026/3/11,Yea,Yea,Nay,Yea,Nay,Yea,Nay,Yea,Yea,Yea,Yea,Yea
2026-03-11,2026-055,2,Amend Campaign Finance Code to maintain enforcement of voter-approved regulations following court order (amend Code Chapter 2.10),Amendment,Motion to amend Exhibit A as shown in Kanal 1: Moved by Kanal and seconded by Avalos.,,Government Transparency,Not specified in agenda,https://www.portland.gov/council/agenda/2026/3/11,Yea,Yea,Yea,Yea,Yea,Yea,Nay,Yea,Yea,Yea,Yea,Yea
2026-03-18,2026-112,1,Amend Council schedule during FY 2026-27 budget process,Amendment,Motion to amend the Ordinance as shown in Dunphy 1: Moved by Dunphy and seconded by Ryan.,,FY Budget; Government Operations,Not specified in agenda,https://www.portland.gov/council/agenda/2026/3/18,Yea,Yea,Yea,Yea,Yea,Yea,Absent,Yea,Yea,Yea,Yea,Yea
2026-03-18,2026-039,1,"Amend Chronic Nuisance Property Code to address human trafficking, gun violence, and administrative challenges (amend Code Chapter 14B.60)",Procedural,Motion to refer the item to the Community and Public Safety Committee: Moved by Kanal and seconded by Avalos.,,Public Safety,Not specified in agenda,https://www.portland.gov/council/agenda/2026/3/18,Yea,Yea,Nay,Nay,Absent,Nay,Absent,Yea,Nay,Yea,Nay,Nay
2026-04-01,,1,Meeting business,Procedural,The consent agenda was approved on a Y-11 roll call.,,Government Operations,Not specified in agenda,https://www.portland.gov/council/agenda/2026/4/1,Yea,Yea,Yea,Yea,Yea,Yea,Yea,Yea,Yea,Yea,Absent,Yea
2026-04-01,,1,Agenda approval,Motion,Motion to move Item 2026-056 to the April 1 session after Item 2026-077: Moved by Pirtle-Guiney and seconded by Ryan.,,Government Operations,Not specified in agenda,https://www.portland.gov/council/agenda/2026/4/1,Nay,Nay,Yea,Yea,Yea,Yea,Yea,Yea,Yea,Nay,Absent,Nay
2026-04-01,2026-077,1,Amend Business License Law Code to increase the business license tax gross receipts exemption (amend Code Section 7.02.400),Amendment,Motion to amend the Ordinance as shown in Zimmerman 1: Moved by Zimmerman and seconded by Green.,,Budget & Taxes; Economic Development,Not specified in agenda,https://www.portland.gov/council/agenda/2026/4/1,Yea,Yea,Yea,Yea,Yea,Yea,Yea,Yea,Yea,Yea,Absent,Yea
2026-04-02,2026-078,1,Amend Office of the City Attorney Code to authorize payment of costs for City employees facing certain criminal or civil proceedings (amend Code Section 3.10.020),Amendment,Motion to amend the Ordinance to add an emergency clause due to the urgent need to have protections in place due to the posture of the federal government: Moved by Koyama Lane and seconded by Ryan.,,Government Operations,Not specified in agenda,https://www.portland.gov/council/agenda/2026/4/1,Yea,Yea,Yea,Yea,Yea,Yea,Yea,Yea,Yea,Yea,Absent,Yea
2026-04-08,,1,Meeting business,Procedural,The consent agenda was approved on a Y-10 roll call.,,Government Operations,Not specified in agenda,https://www.portland.gov/council/agenda/2026/4/8,Yea,Yea,Yea,Absent,Yea,Yea,Yea,Yea,Yea,Yea,Absent,Yea
2026-04-08,2026-120,1,Adopt the FY 2025-26 Technical Adjustment Ordinance and make other budget-related changes,Amendment,Motion to amend Smith 1 as shown in Ryan 1: Moved by Ryan and seconded by Smith.,,FY Budget; Budget & Taxes; Housing,Not specified in agenda,https://www.portland.gov/council/agenda/2026/4/8,Nay,Nay,Yea,Yea,Yea,Nay,Yea,Nay,Yea,Nay,Yea,Nay
2026-04-08,2026-120,2,Adopt the FY 2025-26 Technical Adjustment Ordinance and make other budget-related changes,Amendment,Motion to amend Exhibit 1 as shown in Smith 1: Moved by Smith and seconded by Pirtle-Guiney.,,FY Budget; Budget & Taxes; Housing; Homelessness,Not specified in agenda,https://www.portland.gov/council/agenda/2026/4/8,Nay,Nay,Yea,Yea,Yea,Nay,Yea,Nay,Yea,Nay,Nay,Nay
2026-04-08,2026-120,3,Adopt the FY 2025-26 Technical Adjustment Ordinance and make other budget-related changes,Procedural,Motion to call the question on Smith 2: Moved by Morillo and seconded by Koyama Lane.,,FY Budget; Budget & Taxes,Not specified in agenda,https://www.portland.gov/council/agenda/2026/4/8,Yea,Yea,Nay,Nay,Nay,Nay,Nay,Yea,Nay,Nay,Nay,Yea
2026-04-08,2026-120,4,Adopt the FY 2025-26 Technical Adjustment Ordinance and make other budget-related changes,Amendment,Motion to amend the Ordinance as described in Smith 2: Moved by Smith and seconded by Zimmerman.,,FY Budget; Budget & Taxes,Not specified in agenda,https://www.portland.gov/council/agenda/2026/4/8,Nay,Nay,Yea,Nay,Yea,Nay,Yea,Nay,Absent,Nay,Nay,Nay
2026-04-08,2026-120,5,Adopt the FY 2025-26 Technical Adjustment Ordinance and make other budget-related changes,Procedural,Motion to limit debate to those in the queue: Moved by Kanal and seconded by Morillo.,,FY Budget; Budget & Taxes,Not specified in agenda,https://www.portland.gov/council/agenda/2026/4/8,Yea,Yea,Nay,Nay,Nay,Yea,Nay,Nay,Absent,Yea,Nay,Yea
2026-04-08,2026-120,6,Adopt the FY 2025-26 Technical Adjustment Ordinance and make other budget-related changes,Amendment,Motion to amend Avalos/Dunphy/Green/Morillo 1 as shown in Pirtle-Guiney 2: Moved by Pirtle-Guiney and seconded by Smith.,,FY Budget; Budget & Taxes; Housing,Not specified in agenda,https://www.portland.gov/council/agenda/2026/4/8,Nay,Nay,Yea,Yea,Absent,Yea,Yea,Nay,Absent,Yea,Yea,Yea
2026-04-08,2026-120,7,Adopt the FY 2025-26 Technical Adjustment Ordinance and make other budget-related changes,Amendment,Motion to amend Avalos/Dunphy/Green/Morillo 1 as shown in Pirtle-Guiney 1: Moved by Pirtle-Guiney and seconded by Ryan.,,FY Budget; Budget & Taxes; Housing,Not specified in agenda,https://www.portland.gov/council/agenda/2026/4/8,Nay,Nay,Yea,Yea,Absent,Nay,Yea,Nay,Yea,Nay,Nay,Nay
2026-04-08,2026-120,8,Adopt the FY 2025-26 Technical Adjustment Ordinance and make other budget-related changes,Amendment,Motion to amend Avalos/Dunphy/Green/Morillo 1 as shown in Pirtle-Guiney 4: Moved by Pirtle-Guiney and seconded by Novick.,,FY Budget; Budget & Taxes; Housing,Not specified in agenda,https://www.portland.gov/council/agenda/2026/4/8,Nay,Nay,Nay,Yea,Yea,Nay,Yea,Nay,Yea,Nay,Nay,Nay
2026-04-08,2026-120,9,Adopt the FY 2025-26 Technical Adjustment Ordinance and make other budget-related changes,Amendment,Motion to amend Avalos/Dunphy/Green/Morillo 1 as shown in Pirtle-Guiney 3: Moved by Pirtle-Guiney and seconded by Smith.,,FY Budget; Budget & Taxes; Housing,Not specified in agenda,https://www.portland.gov/council/agenda/2026/4/8,Nay,Nay,Yea,Yea,Yea,Nay,Yea,Nay,Yea,Nay,Nay,Nay
2026-04-08,2026-120,10,Adopt the FY 2025-26 Technical Adjustment Ordinance and make other budget-related changes,Amendment,Motion to amend Avalos/Dunphy/Green/Morillo 1 as shown in Zimmerman 1: Moved by Zimmerman and seconded by Clark.,,FY Budget; Budget & Taxes; Housing; Economic Development,Not specified in agenda,https://www.portland.gov/council/agenda/2026/4/8,Nay,Nay,Yea,Yea,Yea,Yea,Yea,Nay,Yea,Nay,Nay,Yea
2026-04-08,2026-120,11,Adopt the FY 2025-26 Technical Adjustment Ordinance and make other budget-related changes,Amendment,Motion to amend Avalos/Dunphy/Green/Morillo 1 as shown in Kanal 1: Moved by Kanal and seconded by Smith.,,FY Budget; Budget & Taxes; Housing,Not specified in agenda,https://www.portland.gov/council/agenda/2026/4/8,Nay,Nay,Yea,Yea,Yea,Nay,Yea,Nay,Yea,Yea,Nay,Nay
2026-04-08,2026-120,12,Adopt the FY 2025-26 Technical Adjustment Ordinance and make other budget-related changes,Amendment,Motion to amend Exhibit 1 as shown in Avalos/Dunphy/Green/Morrillo 1 as amended: Moved by Avalos and seconded by Morillo.,,FY Budget; Budget & Taxes; Housing; Homelessness,Not specified in agenda,https://www.portland.gov/council/agenda/2026/4/8,Yea,Yea,Nay,Nay,Nay,Yea,Nay,Yea,Yea,Yea,Yea,Yea
2026-04-15,,1,Meeting business,Procedural,The consent agenda was approved on a Y-11 roll call.,,Government Operations,Not specified in agenda,https://www.portland.gov/council/agenda/2026/4/15,Yea,Yea,Yea,Yea,Yea,Yea,Yea,Yea,Yea,Absent,Yea,Yea
2026-04-15,2026-120,1,Adopt the FY 2025-26 Technical Adjustment Ordinance and make other budget-related changes,Amendment,Motion to amend Avalos/Dunphy/Green/Morillo 1 as shown in Ryan 2: Moved by Ryan and seconded by Novick.,,FY Budget; Budget & Taxes; Housing,Not specified in agenda,https://www.portland.gov/council/agenda/2026/4/15,Nay,Nay,Yea,Nay,Yea,Nay,Nay,Nay,Yea,Absent,Yea,Nay
2026-04-15,2026-120,2,Adopt the FY 2025-26 Technical Adjustment Ordinance and make other budget-related changes,Amendment,Motion to amend Avalos/Dunphy/Green/Morillo 1 as shown in Smith 3: Moved by Smith and seconded by Pirtle-Guiney.,,FY Budget; Budget & Taxes; Housing,Not specified in agenda,https://www.portland.gov/council/agenda/2026/4/15,Nay,Nay,Yea,Yea,Yea,Nay,Yea,Nay,Yea,Absent,Yea,Nay
2026-04-15,2026-106,1,Direct City Administrator to develop accelerated timeline for the Inner Eastside Area Planning Project and identify future area planning and zoning actions to advance housing production goals,Amendment,Motion to amend the Resolution as shown in Novick 1: Moved by Novick and seconded by Pirtle-Guiney.,,Land Use & Planning; Housing,Not specified in agenda,https://www.portland.gov/council/agenda/2026/4/15,Yea,Yea,Yea,Yea,Yea,Yea,Absent,Yea,Yea,Yea,Yea,Yea
2026-04-15,2026-106,2,Direct City Administrator to develop accelerated timeline for the Inner Eastside Area Planning Project and identify future area planning and zoning actions to advance housing production goals,Amendment,Motion to amend the Resolution as shown in Ryan 1: Moved by Ryan and seconded by Clark.,,Land Use & Planning; Housing,Not specified in agenda,https://www.portland.gov/council/agenda/2026/4/15,Nay,Nay,Yea,Yea,Yea,Yea,Absent,Nay,Yea,Yea,Yea,Nay
2026-04-16,2026-126,1,Add Code to establish the Portland Committee on Community-Engaged Policing (add Code Chapter 3.23),Amendment,"Motion to amend Subsection 3.23.030 A. in Exhibit A to change ""ages 15 to 25"" to ""ages 15 to 23"": Moved by Zimmerman and seconded by Smith.",,Public Safety; Government Transparency,Not specified in agenda,https://www.portland.gov/council/agenda/2026/4/15,Yea,Nay,Yea,Yea,Yea,Yea,Yea,Yea,Yea,Nay,Yea,Absent
2026-04-22,,1,Meeting business,Procedural,The consent agenda was approved on a Y-11 roll call.,,Government Operations,Not specified in agenda,https://www.portland.gov/council/agenda/2026/4/21,Yea,Absent,Yea,Yea,Yea,Yea,Yea,Yea,Yea,Yea,Yea,Yea
2026-04-22,2026-056,1,Amend Council Organization and Procedure Code (amend Code Chapter 3.02),Amendment,Motion to amend Exhibit A as shown in Avalos/Kanal 1: Moved by Avalos and seconded by Kanal.,,Government Operations,Not specified in agenda,https://www.portland.gov/council/agenda/2026/4/21,Nay,Yea,Nay,Nay,Yea,Nay,Yea,Absent,Nay,Yea,Nay,Yea
2026-04-22,2026-056,2,Amend Council Organization and Procedure Code (amend Code Chapter 3.02),Amendment,Motion to amend Exhibit A as shown in Kanal 2: Moved by Kanal and seconded by Morillo.,,Government Operations,Not specified in agenda,https://www.portland.gov/council/agenda/2026/4/21,Yea,Yea,Nay,Nay,Nay,Nay,Nay,Yea,Nay,Yea,Yea,Yea
2026-04-23,2026-144,1,"Consider appeal by Pleasant Valley Neighborhood Association against the Hearings Officer’s decision to approve with conditions a Planned Development, Land Division and Environmental Review for the creation of 12 single-dwelling lots and 1 multi-dwelling lot in the Pleasant Valley Neighborhood (LU 23-003731 LDS EN PD)",Motion,"Motion to tentatively deny appeal and uphold the Hearings Officer's decision and conditions of approval, with revised findings: Moved by Green and seconded by Ryan.",,Land Use & Planning; Housing,Pleasant Valley,https://www.portland.gov/council/agenda/2026/4/21,Yea,Absent,Yea,Yea,Yea,Nay,Absent,Yea,Absent,Yea,Yea,Yea
2026-04-23,2026-056,1,Amend Council Organization and Procedure Code (amend Code Chapter 3.02),Motion,Vote called on Koyama Lane 1 paragraphs 3 and 4.,,Government Operations,Not specified in agenda,https://www.portland.gov/council/agenda/2026/4/21,Yea,Yea,Nay,Yea,Nay,Yea,Absent,Yea,Absent,Yea,Yea,Yea
2026-04-23,2026-056,2,Amend Council Organization and Procedure Code (amend Code Chapter 3.02),Amendment,"Motion to amend Koyama Lane 1 paragraphs 1 and 2 to add the following to paragraph 2, ""The Presiding Officer may allow a simple, readily understandable amendment to be made from the dais if the Presiding Officer has reason to believe that the amendment will enable the Council to move the item forward without unnecessary delay. The ruling of the Presiding Officer may be appealed"": Moved by Novick and seconded by Koyama Lane.",,Government Operations,Not specified in agenda,https://www.portland.gov/council/agenda/2026/4/21,Yea,Nay,Nay,Nay,Nay,Yea,Absent,Yea,Absent,Nay,Yea,Yea
2026-04-23,2026-056,3,Amend Council Organization and Procedure Code (amend Code Chapter 3.02),Procedural,"Motion to lay on the table the ordinance, document 2026-113: Moved by Novick and seconded by Avalos.",,Government Operations,Not specified in agenda,https://www.portland.gov/council/agenda/2026/4/21,Yea,Yea,Nay,Nay,Nay,Nay,Absent,Nay,Absent,Yea,Yea,Yea
2026-04-23,2026-056,4,Amend Council Organization and Procedure Code (amend Code Chapter 3.02),Procedural,"Motion to refer ordinance, document 2026-113, to the Finance and Governance Committee of the Whole: Moved by Green and seconded by Kanal.",,Government Operations,Not specified in agenda,https://www.portland.gov/council/agenda/2026/4/21,Yea,Yea,Nay,Nay,Yea,Yea,Absent,Yea,Absent,Yea,Yea,Yea
2026-04-29,,1,Meeting business,Procedural,The consent agenda was approved on a Y-12 roll call.,,Government Operations,Not specified in agenda,https://www.portland.gov/council/agenda/2026/4/29,Yea,Yea,Yea,Yea,Yea,Yea,Yea,Yea,Yea,Yea,Yea,Yea
2026-04-29,2026-039,1,"Amend Chronic Nuisance Property Code to address human trafficking, gun violence, and administrative challenges (amend Code Chapter 14B.60)",Motion,Vote called on Novick 3,,Public Safety,Not specified in agenda,https://www.portland.gov/council/agenda/2026/4/29,Yea,Yea,Yea,Yea,Yea,Yea,Absent,Yea,Yea,Yea,Yea,Absent
2026-04-29,2026-039,2,"Amend Chronic Nuisance Property Code to address human trafficking, gun violence, and administrative challenges (amend Code Chapter 14B.60)",Motion,Vote called on Novick 4,,Public Safety,Not specified in agenda,https://www.portland.gov/council/agenda/2026/4/29,Yea,Yea,Nay,Yea,Nay,Yea,Absent,Yea,Nay,Yea,Yea,Absent
2026-04-29,2026-039,3,"Amend Chronic Nuisance Property Code to address human trafficking, gun violence, and administrative challenges (amend Code Chapter 14B.60)",Motion,Vote called on Novick 5,,Public Safety,Not specified in agenda,https://www.portland.gov/council/agenda/2026/4/29,Yea,Nay,Yea,Yea,Nay,Yea,Absent,Yea,Yea,Nay,Yea,Absent
2026-04-29,2026-039,4,"Amend Chronic Nuisance Property Code to address human trafficking, gun violence, and administrative challenges (amend Code Chapter 14B.60)",Motion,Vote called on Novick 6,,Public Safety,Not specified in agenda,https://www.portland.gov/council/agenda/2026/4/29,Yea,Yea,Yea,Yea,Yea,Yea,Yea,Yea,Yea,Yea,Yea,Absent
2026-04-29,2026-039,5,"Amend Chronic Nuisance Property Code to address human trafficking, gun violence, and administrative challenges (amend Code Chapter 14B.60)",Motion,Vote called on Pirtle-Guiney 3,,Public Safety,Not specified in agenda,https://www.portland.gov/council/agenda/2026/4/29,Nay,Nay,Nay,Yea,Nay,Yea,Nay,Nay,Yea,Nay,Yea,Absent
2026-04-29,2026-039,6,"Amend Chronic Nuisance Property Code to address human trafficking, gun violence, and administrative challenges (amend Code Chapter 14B.60)",Amendment,Motion to amend Exhibit A as shown in Novick 7: Moved by Novick and seconded by Clark.,,Public Safety,Not specified in agenda,https://www.portland.gov/council/agenda/2026/4/29,Nay,Nay,Nay,Yea,Nay,Nay,Nay,Yea,Nay,Nay,Yea,Absent
2026-04-29,2026-039,7,"Amend Chronic Nuisance Property Code to address human trafficking, gun violence, and administrative challenges (amend Code Chapter 14B.60)",Amendment,Motion to amend Exhibit A as shown in Kanal 1: Moved by Kanal and seconded by Green.,,Public Safety,Not specified in agenda,https://www.portland.gov/council/agenda/2026/4/29,Yea,Yea,Nay,Absent,Nay,Nay,Nay,Yea,Nay,Yea,Nay,Absent
2026-04-30,2026-111,1,"Add Identification of Law Enforcement Officers Code to prohibit facial covering, require badge visibility, and require identity verification for individuals conducting law enforcement activities (add Code Chapter 23.30)",Procedural,Motion to limit debate to those in the queue: Moved by Green and seconded by Morillo.,,Public Safety; Civil Rights & Equity,Not specified in agenda,https://www.portland.gov/council/agenda/2026/4/29,Yea,Nay,Nay,Yea,Nay,Yea,Nay,Yea,Nay,Yea,Yea,Nay
2026-04-30,2026-111,2,"Add Identification of Law Enforcement Officers Code to prohibit facial covering, require badge visibility, and require identity verification for individuals conducting law enforcement activities (add Code Chapter 23.30)",Amendment,Motion to amend the ordinance as shown in Kanal 1: Moved by Kanal and seconded by Morillo.,,Public Safety; Civil Rights & Equity,Not specified in agenda,https://www.portland.gov/council/agenda/2026/4/29,Yea,Yea,Nay,Yea,Nay,Yea,Nay,Yea,Nay,Yea,Yea,Yea
2026-05-06,,1,Meeting business,Procedural,Item 2026-155 was pulled from the consent agenda and on a Y-12 roll call the balance of the consent agenda was approved,,Government Operations,Not specified in agenda,https://www.portland.gov/council/agenda/2026/5/6,Yea,Yea,Yea,Yea,Yea,Yea,Yea,Yea,Yea,Yea,Yea,Yea
2026-05-13,,1,Agenda approval,Motion,Vote called on Item 2026-151.,,Government Operations,Not specified in agenda,https://www.portland.gov/council/agenda/2026/5/13,Yea,Yea,Yea,Absent,Yea,Yea,Yea,Yea,Yea,Yea,Yea,Yea
2026-05-13,,2,Agenda approval,Motion,Vote called on Item 2026-134.,,Government Operations,Not specified in agenda,https://www.portland.gov/council/agenda/2026/5/13,Nay,Nay,Yea,Absent,Yea,Nay,Yea,Nay,Yea,Nay,Nay,Nay
2026-05-13,2026-111,1,"Add Identification of Law Enforcement Officers Code to prohibit facial covering, require badge visibility, and require identity verification for individuals conducting law enforcement activities (add Code Chapter 23.30)",Amendment,Motion to amend Exhibit A as shown in Novick 2 to Pirtle-Guiney and Kanal 1: Moved by Novick and seconded by Kanal.,,Public Safety; Civil Rights & Equity,Not specified in agenda,https://www.portland.gov/council/agenda/2026/5/13,Yea,Yea,Nay,Yea,Nay,Yea,Nay,Yea,Nay,Yea,Yea,Yea
2026-05-13,2026-111,2,"Add Identification of Law Enforcement Officers Code to prohibit facial covering, require badge visibility, and require identity verification for individuals conducting law enforcement activities (add Code Chapter 23.30)",Amendment,Motion to amend Exhibit A as shown in Pirtle-Guiney and Kanal 1: Moved by Kanal and seconded by Pirtle-Guiney.,,Public Safety; Civil Rights & Equity,Not specified in agenda,https://www.portland.gov/council/agenda/2026/5/13,Yea,Yea,Nay,Yea,Nay,Yea,Nay,Yea,Nay,Yea,Yea,Yea
2026-05-13,2026-147,1,"Amend Arts Tax Code to provide tax relief, promote sustainability of Arts Access Fund, define critical terms, and respond to community and audit recommendations (amend Code Chapter 6.10)",Amendment,"Motion to amend Exhibit A as shown in Kanal, Dunphy, Pirtle-Guiney, Koyama Lane 1: Moved by Dunphy and seconded by Koyama Lane.",,Arts & Culture; Budget & Taxes,Not specified in agenda,https://www.portland.gov/council/agenda/2026/5/13,Yea,Yea,Nay,Yea,Yea,Yea,Yea,Yea,Yea,Yea,Yea,Yea
2026-05-18,2026-157,1,Approval of the FY 2026-27 Budget for the City of Portland (Council convenes as Budget Committee),Amendment,Motion to make technical true-ups as shown in Technical Amendment 1: Moved by Dunphy and seconded by Koyama Lane.,,FY Budget; Budget & Taxes,Not specified in agenda,https://www.portland.gov/council/agenda/2026/5/18,Yea,Yea,Yea,Yea,Yea,Yea,Yea,Yea,Absent,Nay,Yea,Yea
2026-05-18,2026-157,2,Approval of the FY 2026-27 Budget for the City of Portland (Council convenes as Budget Committee),Amendment,Motion to correct General Fund budget errors as shown in Technical Amendment 2: Moved by Dunphy and seconded by Pirtle-Guiney.,,FY Budget; Budget & Taxes,Not specified in agenda,https://www.portland.gov/council/agenda/2026/5/18,Yea,Yea,Yea,Yea,Yea,Yea,Yea,Yea,Absent,Yea,Yea,Yea
2026-05-18,2026-157,3,Approval of the FY 2026-27 Budget for the City of Portland (Council convenes as Budget Committee),Amendment,Motion to make Parks budget correction as shown in Technical Amendment 3: Moved by Avalos and seconded by Novick.,,FY Budget; Budget & Taxes; Parks & Recreation,Not specified in agenda,https://www.portland.gov/council/agenda/2026/5/18,Yea,Yea,Yea,Yea,Yea,Yea,Yea,Yea,Absent,Yea,Yea,Yea
2026-05-20,2026-157,1,Approval of the FY 2026-27 Budget for the City of Portland (Council convenes as Budget Committee),Motion,Motion to approve the changes in Attachments B and C: Moved by Kanal and seconded by Green.,,FY Budget; Budget & Taxes,Not specified in agenda,https://www.portland.gov/council/agenda/2026/5/18,Yea,Yea,Yea,Yea,Yea,Abstain,Yea,Yea,Yea,Yea,Yea,Yea
2026-05-20,2026-157,2,Approval of the FY 2026-27 Budget for the City of Portland (Council convenes as Budget Committee),Amendment,Motion to approve the report for the FY 2026-27 Approved Budget as amended: Moved by Kanal and seconded by Avalos.,,FY Budget; Budget & Taxes,Not specified in agenda,https://www.portland.gov/council/agenda/2026/5/18,Yea,Yea,Yea,Yea,Yea,Abstain,Yea,Yea,Yea,Yea,Yea,Yea
2026-05-20,2026-157,3,Approval of the FY 2026-27 Budget for the City of Portland (Council convenes as Budget Committee),Motion,Motion to approve the tax levies: Moved by Kanal and seconded by Novick.,,FY Budget; Budget & Taxes,Not specified in agenda,https://www.portland.gov/council/agenda/2026/5/18,Yea,Yea,Yea,Yea,Yea,Yea,Yea,Yea,Yea,Yea,Yea,Yea
2026-05-20,2026-159,1,"Adopt solid waste and recycling rates and fees for franchised residential collection and the commercial tonnage fee, effective July 1, 2026 (amend ENN-2.09)",Amendment,Motion to amend Exhibit A as shown in Clark 1: Moved by Dunphy and seconded by Kanal.,,Utilities,Not specified in agenda,https://www.portland.gov/council/agenda/2026/5/18,Yea,Yea,Yea,Yea,Yea,Yea,Yea,Yea,Yea,Yea,Yea,Yea
2026-05-20,2026-163,1,City Council convenes as Prosper Budget Committee to approve the FY 2026-27 Budget,Amendment,Motion to amend Exhibit A as shown in Dunphy 1 (Conforming Amendment): Moved by Dunphy and seconded by Kanal.,,FY Budget; Economic Development,Not specified in agenda,https://www.portland.gov/council/agenda/2026/5/18,Yea,Yea,Yea,Yea,Yea,Yea,Yea,Yea,Yea,Yea,Yea,Yea
2026-05-20,2026-163,2,City Council convenes as Prosper Budget Committee to approve the FY 2026-27 Budget,Amendment,Motion to approve the Prosper Portland Budget as amended: Moved by Pirtle-Guiney and seconded by Kanal.,,FY Budget; Economic Development,Not specified in agenda,https://www.portland.gov/council/agenda/2026/5/18,Yea,Yea,Yea,Yea,Yea,Yea,Yea,Yea,Yea,Yea,Yea,Yea
2026-05-27,,1,Meeting business,Procedural,The consent agenda was approved on a Y-11 roll call.,,Government Operations,Not specified in agenda,https://www.portland.gov/council/agenda/2026/5/27,Yea,Yea,Yea,Yea,Yea,Yea,Absent,Yea,Yea,Yea,Yea,Yea
2026-05-27,,1,Agenda approval,Procedural,"Motion to reorder agenda to hear Item 2026-182, after the time certain agenda and before the consent agenda, between Items 2026-177 and 2026-178: Moved by Smith and seconded by Clark.",,Government Operations,Not specified in agenda,https://www.portland.gov/council/agenda/2026/5/27,Yea,Yea,Yea,Yea,Yea,Yea,Yea,Yea,Yea,Yea,Yea,Yea
2026-05-27,2026-182,1,"Appropriate $2,500,000 from the Construction Excise Tax Sub-fund 225020 for homeownership development in District 2",Amendment,"Motion to amend ordinance as shown in Smith, Kanal, Morillo, Dunphy 1: Moved by Kanal and seconded by Smith.",,Housing; Budget & Taxes,Not specified in agenda,https://www.portland.gov/council/agenda/2026/5/27,Yea,Yea,Yea,Yea,Absent,Yea,Yea,Yea,Yea,Yea,Yea,Yea
2026-05-27,2026-149,1,Add Code to prohibit the sale or provision of certain force-fed poultry products (add Code Chapter 17.110),Amendment,Motion to amend Clark 1 to change ordinance to be in effect 180 days following the effective date of the ordinance: Moved by Green and seconded by Kanal.,,Business Regulation,Not specified in agenda,https://www.portland.gov/council/agenda/2026/5/27,Yea,Yea,Nay,Nay,Nay,Yea,Yea,Yea,Yea,Yea,Yea,Yea
2026-05-27,2026-149,2,Add Code to prohibit the sale or provision of certain force-fed poultry products (add Code Chapter 17.110),Amendment,Motion to amend ordinance as shown in Clark 1 as amended: Moved by Clark and seconded by Smith.,,Business Regulation,Not specified in agenda,https://www.portland.gov/council/agenda/2026/5/27,Yea,Yea,Yea,Yea,Yea,Yea,Yea,Yea,Yea,Yea,Yea,Yea
2026-05-27,2026-149,3,Add Code to prohibit the sale or provision of certain force-fed poultry products (add Code Chapter 17.110),Procedural,"Motion to appeal the ruling of the presiding officer and put the following question before the Council, “Shall the ruling of the presiding officer stand to move item to second reading?”: Moved by Zimmerman and seconded by Ryan.",,Business Regulation,Not specified in agenda,https://www.portland.gov/council/agenda/2026/5/27,Yea,Yea,Nay,Nay,Nay,Yea,Nay,Yea,Nay,Yea,Yea,Absent
2026-06-04,2026-149,1,Add Code to prohibit the sale or provision of certain force-fed poultry products (add Code Chapter 17.110),Amendment,Motion to amend the ordinance as shown in Zimmerman 1: Moved by Zimmerman and seconded by Ryan.,,Business Regulation,Not specified in agenda,https://www.portland.gov/council/agenda/2026/6/3,Nay,Nay,Yea,Yea,Yea,Nay,Yea,Nay,Yea,Nay,Nay,Nay
2026-06-04,2026-124,1,Adopt and implement the Moderate-Income Revolving Loan Program,Amendment,Motion to amend the ordinance as shown in Green 2: Moved by Green and seconded by Ryan.,,Housing; Economic Development,Not specified in agenda,https://www.portland.gov/council/agenda/2026/6/3,Yea,Yea,Yea,Nay,Yea,Yea,Yea,Yea,Yea,Yea,Yea,Yea
2026-06-04,2026-124,2,Adopt and implement the Moderate-Income Revolving Loan Program,Amendment,Motion to amend the ordinance as shown in Green 3: Moved by Green and seconded by Kanal.,,Housing; Economic Development,Not specified in agenda,https://www.portland.gov/council/agenda/2026/6/3,Yea,Yea,Nay,Nay,Nay,Yea,Nay,Yea,Nay,Yea,Nay,Yea
2026-06-04,2026-124,3,Adopt and implement the Moderate-Income Revolving Loan Program,Amendment,Motion to amend the ordinance as shown in Green 4: Moved by Green and seconded by Kanal.,,Housing; Economic Development,Not specified in agenda,https://www.portland.gov/council/agenda/2026/6/3,Yea,Nay,Nay,Nay,Nay,Yea,Nay,Yea,Nay,Yea,Nay,Yea
2026-06-10,,1,Meeting business,Procedural,The consent agenda was approved on a Y-12 roll call.,,Government Operations,Not specified in agenda,https://www.portland.gov/council/agenda/2026/6/10,Yea,Yea,Yea,Yea,Yea,Yea,Yea,Yea,Yea,Yea,Yea,Yea
2026-06-10,2026-196,1,"Adopt the annual budget of the City and establish appropriations for the fiscal year beginning July 1, 2026 and ending June 30, 2027",Amendment,Motion to make a technical amendment to align with Arts Tax ordinance: Moved by Dunphy and seconded by Avalos.,,FY Budget; Budget & Taxes; Arts & Culture,Not specified in agenda,https://www.portland.gov/council/agenda/2026/6/10,Yea,Yea,Yea,Yea,Yea,Yea,Yea,Yea,Yea,Yea,Yea,Yea
2026-06-10,2026-196,2,"Adopt the annual budget of the City and establish appropriations for the fiscal year beginning July 1, 2026 and ending June 30, 2027",Procedural,Motion to recess for 30 minutes: Moved by Smith and seconded by Zimmerman.,,FY Budget; Budget & Taxes,Not specified in agenda,https://www.portland.gov/council/agenda/2026/6/10,Nay,Nay,Nay,Nay,Yea,Nay,Yea,Nay,Nay,Nay,Nay,Nay
2026-06-10,2026-196,3,"Adopt the annual budget of the City and establish appropriations for the fiscal year beginning July 1, 2026 and ending June 30, 2027",Procedural,Motion to recess for the day and take up Pirtle-Guiney 4 at the top of tomorrow's meeting: Moved by Green and seconded by Avalos.,,FY Budget; Budget & Taxes,Not specified in agenda,https://www.portland.gov/council/agenda/2026/6/10,Yea,Yea,Nay,Nay,Nay,Nay,Absent,Yea,Nay,Nay,Nay,Nay
2026-06-11,2026-196,1,"Adopt the annual budget of the City and establish appropriations for the fiscal year beginning July 1, 2026 and ending June 30, 2027",Amendment,Motion to suspend the rules to continue debate on the remaining amendments: Moved by Zimmerman and seconded by Smith.,,FY Budget; Budget & Taxes,Not specified in agenda,https://www.portland.gov/council/agenda/2026/6/10,Nay,Nay,Yea,Yea,Yea,Nay,Yea,Nay,Yea,Nay,Yea,Nay
2026-06-11,2026-196,2,"Adopt the annual budget of the City and establish appropriations for the fiscal year beginning July 1, 2026 and ending June 30, 2027",Amendment,"Presiding officer ruled that the Council did not have enough time to consider Pirtle-Guiney-Novick amendment 5. Appeal of the ruling of the presiding officer and the following question put before the Council, “Shall the ruling of the presiding officer be upheld to not consider Pirtle-Guiney-Novick amendment 5?”: Appeal by Zimmerman joined by Smith and Pirtle-Guiney.",,FY Budget; Budget & Taxes,Not specified in agenda,https://www.portland.gov/council/agenda/2026/6/10,Yea,Yea,Nay,Nay,Nay,Yea,Nay,Yea,Nay,Yea,Nay,Yea
2026-06-11,2026-196,3,"Adopt the annual budget of the City and establish appropriations for the fiscal year beginning July 1, 2026 and ending June 30, 2027",Amendment,Motion to suspend the rules to reopen Document 2026-196 in order to allow Councilors to move amendments filed with the Clerk that have not yet been voted on: Moved by Pirtle-Guiney and seconded by Smith.,,FY Budget; Budget & Taxes,Not specified in agenda,https://www.portland.gov/council/agenda/2026/6/10,Nay,Nay,Yea,Yea,Yea,Nay,Yea,Nay,Yea,Nay,Yea,Nay
2026-06-11,2026-199,1,Adopt the Supplemental Budget for the FY 2025-26 over-expenditure process and make budget adjustments in various funds,Amendment,Motion to amend Document 2026-199 as shown in the Technical Amendment: Moved by Ryan and seconded by Dunphy.,,FY Budget; Budget & Taxes,Not specified in agenda,https://www.portland.gov/council/agenda/2026/6/10,Yea,Yea,Yea,Yea,Yea,Yea,Yea,Yea,Yea,Yea,Yea,Yea
2026-06-24,,1,Meeting business,Procedural,The consent agenda was approved on a Y-10 roll call.,,Government Operations,Not specified in agenda,https://www.portland.gov/council/agenda/2026/6/24,Yea,Yea,Yea,Yea,Absent,Yea,Yea,Yea,Absent,Yea,Yea,Yea
2026-07-08,,1,Meeting business,Procedural,The consent agenda was approved on a Y-10 roll call.,,Government Operations,Not specified in agenda,https://www.portland.gov/council/agenda/2026/7/8,Absent,Yea,Yea,Yea,Yea,Yea,Yea,Yea,Yea,Yea,Yea,Absent
2026-07-08,2026-217,1,Consider appeals of the Design Commission’s approval of a voluntary Central City Master Plan Review and Adjustment Review for the Lloyd Center Central City Master Plan (LU 25-091308 CCMS AD),Motion,Motion to tentatively deny both appeals and uphold the Design Commission's decision but with revised condition of approval 8C as proposed by staff and findings: Moved by Ryan and seconded by Novick.,,Land Use & Planning,Lloyd,https://www.portland.gov/council/agenda/2026/7/8,Absent,Yea,Yea,Yea,Yea,Yea,Yea,Yea,Yea,Yea,Yea,Absent
2026-07-08,2026-189,1,​​Amend City Code and improve land use regulations through the Regulatory Improvement Code Amendment Package 11 (amend Code Titles 32 and 33)​,Amendment,"Motion to amend Exhibit B as shown in Avalos, Dunphy, Koyama Lane 1: Moved by Avalos and seconded by Dunphy.",,Land Use & Planning,Not specified in agenda,https://www.portland.gov/council/agenda/2026/7/8,Absent,Yea,Yea,Yea,Yea,Yea,Yea,Yea,Yea,Yea,Yea,Absent
2026-07-08,2026-189,2,​​Amend City Code and improve land use regulations through the Regulatory Improvement Code Amendment Package 11 (amend Code Titles 32 and 33)​,Amendment,Motion to amend Exhibit B as shown in Dunphy 1: Moved by Dunphy and seconded by Smith.,,Land Use & Planning,Not specified in agenda,https://www.portland.gov/council/agenda/2026/7/8,Absent,Yea,Yea,Nay,Yea,Yea,Yea,Yea,Yea,Yea,Yea,Absent
2026-07-15,2026-223,1,Adopt a Supplemental Budget for FY 2026-27 to reduce potential risks to City services,Amendment,Motion to amend the Ordinance and add Exhibits C and D as shown in Dunphy 1: Moved by Dunphy and seconded by Novick.,,FY Budget; Budget & Taxes; Public Safety; Government Operations,Not specified in agenda,https://www.portland.gov/council/agenda/2026/7/15,Yea,Yea,Nay,Yea,Nay,Yea,Nay,Yea,Nay,Yea,Yea,Yea
2026-07-15,2026-223,2,Adopt a Supplemental Budget for FY 2026-27 to reduce potential risks to City services,Motion,Vote called on Senior Center Project,,FY Budget; Budget & Taxes; Parks & Recreation,Not specified in agenda,https://www.portland.gov/council/agenda/2026/7/15,Yea,Yea,Nay,Nay,Nay,Yea,Nay,Yea,Nay,Yea,Nay,Yea
2026-07-15,2026-223,3,Adopt a Supplemental Budget for FY 2026-27 to reduce potential risks to City services,Motion,Vote called on International Relations Program,,FY Budget; Budget & Taxes; Government Operations,Not specified in agenda,https://www.portland.gov/council/agenda/2026/7/15,Yea,Yea,Nay,Nay,Nay,Yea,Nay,Yea,Nay,Yea,Nay,Yea
2026-07-15,2026-223,4,Adopt a Supplemental Budget for FY 2026-27 to reduce potential risks to City services,Motion,Vote called on Ceasefire Coordinator,,FY Budget; Budget & Taxes; Public Safety,Not specified in agenda,https://www.portland.gov/council/agenda/2026/7/15,Yea,Yea,Nay,Nay,Nay,Yea,Nay,Yea,Nay,Yea,Nay,Yea
2026-07-16,2026-222,1,"Amend the FY 2026-27 Budget to appropriate $13,076,892 in Portland Clean Energy Fund interest income, $5,491,002 other fund resources, and $335,000 in County IGA revenues to restore frontline positions and services reduced in the approved budget and to provide transition support for affected employees",Amendment,Motion to amend the Ordinance as shown in Morillo-1: Moved by Morillo and seconded by Green.,,FY Budget; Budget & Taxes; Government Operations,Not specified in agenda,https://www.portland.gov/council/agenda/2026/7/15,Yea,Yea,Yea,Absent,Yea,Yea,Yea,Yea,Yea,Yea,Nay,Yea
2026-07-22,,1,Meeting business,Procedural,The consent agenda was approved on a Y-12 roll call.,,Government Operations,Not specified in agenda,https://www.portland.gov/council/agenda/2026/7/22,Yea,Yea,Yea,Yea,Yea,Yea,Yea,Yea,Yea,Yea,Yea,Yea
2026-07-22,2026-222,1,"Amend the FY 2026-27 Budget to appropriate $13,076,892 in Portland Clean Energy Fund interest income, $5,491,002 other fund resources, and $335,000 in County IGA revenues to restore frontline positions and services reduced in the approved budget and to provide transition support for affected employees",Motion,Vote called on Document 2026-222,,FY Budget; Budget & Taxes; Government Operations,Not specified in agenda,https://www.portland.gov/council/agenda/2026/7/22,Yea,Yea,Nay,Nay,Nay,Yea,Nay,Yea,Nay,Yea,Nay,Yea
2026-07-23,2026-242,1,"Amend the Comprehensive Plan Map and Zoning Map for a vacant lot on NW 31st Ave described as Willamette Heights Addition, Block 18, Lot 14 at the request of Portland Parks and Recreation (LU 26-007966 CP ZC)",Motion,"Motion to tentatively uphold the recommendation of the Hearings Officer and ask the applicant and staff to return with revised findings on August 6, 2026, at 2:00 pm time certain: Moved by Dunphy and seconded by Clark.",,Land Use & Planning; Parks & Recreation,Northwest District,https://www.portland.gov/council/agenda/2026/7/22,Yea,Yea,Yea,Yea,Yea,Yea,Yea,Yea,Yea,Yea,Yea,Yea
2026-07-23,2026-192,1,Amend Vehicles and Traffic Code to clarify applicability of ride fees and establish a Drivers’ Resource Center for Transportation Network Company drivers (amend Code Sections 16.40.030 and 16.40.240),Amendment,Motion to amend the Ordinance as shown in Pirtle-Guiney/Novick 2: Moved by Pirtle-Guiney and seconded by Koyama Lane.,,Transportation; Business Regulation,Not specified in agenda,https://www.portland.gov/council/agenda/2026/7/22,Yea,Yea,Yea,Yea,Yea,Yea,Yea,Yea,Yea,Yea,Yea,Yea
2026-07-23,2026-192,2,Amend Vehicles and Traffic Code to clarify applicability of ride fees and establish a Drivers’ Resource Center for Transportation Network Company drivers (amend Code Sections 16.40.030 and 16.40.240),Amendment,Motion to amend the Ordinance as shown in Ryan 1: Moved by Ryan and seconded by Morillo.,,Transportation; Business Regulation,Not specified in agenda,https://www.portland.gov/council/agenda/2026/7/22,Yea,Yea,Yea,Yea,Yea,Yea,Yea,Yea,Yea,Yea,Yea,Yea
2026-07-23,2026-205,1,Amend Partial and Full Exemptions of System Development Charges for Affordable Housing Developments Code to temporarily remove income requirements for homeownership units (amend Code Section 30.01.095),Amendment,Motion to amend the ordinance as shown in Pirtle-Guiney-Koyama Lane 1.: Moved by Pirtle-Guiney and seconded by Koyama Lane.,,Housing,Not specified in agenda,https://www.portland.gov/council/agenda/2026/7/22,Nay,Nay,Nay,Yea,Nay,Nay,Nay,Nay,Nay,Nay,Nay,Yea
2026-07-23,2026-205,2,Amend Partial and Full Exemptions of System Development Charges for Affordable Housing Developments Code to temporarily remove income requirements for homeownership units (amend Code Section 30.01.095),Amendment,Motion to amend the ordinance as shown in Dunphy 1: Moved by Dunphy and seconded by Novick.,,Housing,Not specified in agenda,https://www.portland.gov/council/agenda/2026/7/22,Nay,Nay,Nay,Nay,Nay,Yea,Nay,Nay,Yea,Nay,Yea,Yea
2026-07-29,2026-217,1,Consider appeals of the Design Commission’s approval of a voluntary Central City Master Plan Review and Adjustment Review for the Lloyd Center Central City Master Plan (LU 25-091308 CCMS AD),Motion,"Motion to deny both appeals, uphold the Design Commission's decision with the technical changes to approval of condition 8C, and adopt the findings: Moved by Ryan and seconded by Clark.",,Land Use & Planning,Lloyd,https://www.portland.gov/council/agenda/2026/7/29,Yea,Absent,Yea,Yea,Yea,Yea,Yea,Yea,Yea,Yea,Yea,Absent
2026-07-30,2026-189,1,​​Amend City Code and improve land use regulations through the Regulatory Improvement Code Amendment Package 11 (amend Code Titles 32 and 33)​,Amendment,Motion to amend the item as shown in Dunphy 2: Moved by Dunphy and seconded by Ryan.,,Land Use & Planning,Not specified in agenda,https://www.portland.gov/council/agenda/2026/7/29,Yea,Absent,Yea,Yea,Yea,Yea,Yea,Absent,Yea,Yea,Absent,Yea
2026-07-30,2026-189,2,​​Amend City Code and improve land use regulations through the Regulatory Improvement Code Amendment Package 11 (amend Code Titles 32 and 33)​,Amendment,Motion to replace Ordinance and update Exhibits A and B to incorporate approved amendments and to update the findings to reflect the discussion: Moved by Dunphy and seconded by Ryan.,,Land Use & Planning,Not specified in agenda,https://www.portland.gov/council/agenda/2026/7/29,Yea,Absent,Yea,Yea,Yea,Yea,Yea,Absent,Yea,Yea,Absent,Yea
2026-07-30,2026-189,3,​​Amend City Code and improve land use regulations through the Regulatory Improvement Code Amendment Package 11 (amend Code Titles 32 and 33)​,Motion,"Motion to update the effective date of the Ordinance to November 1, 2026: Moved by Dunphy and seconded by Clark.",,Land Use & Planning,Not specified in agenda,https://www.portland.gov/council/agenda/2026/7/29,Yea,Absent,Yea,Yea,Yea,Yea,Yea,Absent,Yea,Yea,Absent,Yea
2026-08-05,,1,Agenda approval,Procedural,Motion to reorder the agenda to hear 2026-280 before 2026-213: Moved by Dunphy and seconded by Pirtle-Guiney.,,Government Operations,Not specified in agenda,https://www.portland.gov/council/agenda/2026/8/5,Nay,Nay,Yea,Yea,Yea,Yea,Nay,Nay,Nay,Yea,Yea,Nay
2026-08-06,2026-242,1,"Amend the Comprehensive Plan Map and Zoning Map for a vacant lot on NW 31st Ave described as Willamette Heights Addition, Block 18, Lot 14 at the request of Portland Parks and Recreation (LU 26-007966 CP ZC)",Amendment,Motion to amend Ordinance to adopt the revised findings: Moved by Kanal and seconded by Green.,,Land Use & Planning; Parks & Recreation,Northwest District,https://www.portland.gov/council/agenda/2026/8/5,Yea,Yea,Yea,Yea,Yea,Yea,Yea,Yea,Yea,Yea,Yea,Yea
2026-08-06,2026-213,1,Direct the Portland Bureau of Transportation to evaluate and implement no turn on red restrictions at signalized intersections within the High Crash Network,Amendment,Motion to amend Ordinance as shown in Koyama Lane-Smith 2: Moved by Koyama Lane and seconded by Smith.,,Transportation; Public Safety,Not specified in agenda,https://www.portland.gov/council/agenda/2026/8/5,Yea,Yea,Yea,Yea,Yea,Yea,Yea,Yea,Yea,Yea,Yea,Yea
2026-08-06,2026-280,1,"Authorize a non-binding term sheet with Rip City Management LLC and Trail Blazers Holdings, LLC outlining the terms for Moda Center arena renovation, operating and lease agreements that will keep the Portland Trail Blazers playing in Portland for at least 20 more years",Amendment,Motion to amend Exhibit A and impact statement as shown in Green-Avalos 1: Moved by Green and seconded by Avalos.,,Economic Development,Lloyd,https://www.portland.gov/council/agenda/2026/8/5,Yea,Yea,Nay,Nay,Nay,Nay,Nay,Yea,Nay,Yea,Nay,Yea
2026-08-06,2026-280,2,"Authorize a non-binding term sheet with Rip City Management LLC and Trail Blazers Holdings, LLC outlining the terms for Moda Center arena renovation, operating and lease agreements that will keep the Portland Trail Blazers playing in Portland for at least 20 more years",Amendment,Motion to amend Resolution as shown in Kanal 1: Moved by Kanal and seconded by Avalos.,,Economic Development,Lloyd,https://www.portland.gov/council/agenda/2026/8/5,Yea,Yea,Nay,Nay,Nay,Nay,Nay,Yea,Nay,Yea,Nay,Yea
2026-08-06,2026-280,3,"Authorize a non-binding term sheet with Rip City Management LLC and Trail Blazers Holdings, LLC outlining the terms for Moda Center arena renovation, operating and lease agreements that will keep the Portland Trail Blazers playing in Portland for at least 20 more years",Amendment,Motion to amend Resolution as shown in Morillo 1: Moved by Morillo and seconded by Avalos.,,Economic Development,Lloyd,https://www.portland.gov/council/agenda/2026/8/5,Yea,Yea,Nay,Nay,Nay,Nay,Nay,Yea,Nay,Yea,Nay,Yea
2026-08-06,2026-280,4,"Authorize a non-binding term sheet with Rip City Management LLC and Trail Blazers Holdings, LLC outlining the terms for Moda Center arena renovation, operating and lease agreements that will keep the Portland Trail Blazers playing in Portland for at least 20 more years",Amendment,Motion to amend Exhibit A as shown in Novick 1: Moved by Novick and seconded by Kanal.,,Economic Development,Lloyd,https://www.portland.gov/council/agenda/2026/8/5,Nay,Nay,Nay,Nay,Nay,Nay,Nay,Yea,Nay,Yea,Yea,Yea
2026-08-06,2026-280,5,"Authorize a non-binding term sheet with Rip City Management LLC and Trail Blazers Holdings, LLC outlining the terms for Moda Center arena renovation, operating and lease agreements that will keep the Portland Trail Blazers playing in Portland for at least 20 more years",Amendment,Motion to amend Exhibit A as shown in Kanal 3: Moved by Kanal and seconded by Novick.,,Economic Development,Lloyd,https://www.portland.gov/council/agenda/2026/8/5,Yea,Yea,Nay,Nay,Nay,Nay,Nay,Yea,Nay,Yea,Yea,Yea
2026-08-06,2026-280,6,"Authorize a non-binding term sheet with Rip City Management LLC and Trail Blazers Holdings, LLC outlining the terms for Moda Center arena renovation, operating and lease agreements that will keep the Portland Trail Blazers playing in Portland for at least 20 more years",Amendment,Motion to amend Exhibit A as shown in Kanal 2: Moved by Kanal and seconded by Avalos.,,Economic Development,Lloyd,https://www.portland.gov/council/agenda/2026/8/5,Yea,Yea,Nay,Nay,Nay,Nay,Nay,Yea,Nay,Yea,Yea,Yea
2026-08-06,2026-280,7,"Authorize a non-binding term sheet with Rip City Management LLC and Trail Blazers Holdings, LLC outlining the terms for Moda Center arena renovation, operating and lease agreements that will keep the Portland Trail Blazers playing in Portland for at least 20 more years",Amendment,Motion to amend Exhibit A as shown in Avalos 1: Moved by Avalos and seconded by Morillo.,,Economic Development,Lloyd,https://www.portland.gov/council/agenda/2026/8/5,Yea,Yea,Nay,Nay,Nay,Nay,Nay,Yea,Nay,Yea,Nay,Yea
2026-08-06,2026-280,8,"Authorize a non-binding term sheet with Rip City Management LLC and Trail Blazers Holdings, LLC outlining the terms for Moda Center arena renovation, operating and lease agreements that will keep the Portland Trail Blazers playing in Portland for at least 20 more years",Amendment,Motion to amend Exhibit A as shown in Avalos 6: Moved by Avalos and seconded by Kanal.,,Economic Development,Lloyd,https://www.portland.gov/council/agenda/2026/8/5,Yea,Yea,Nay,Nay,Nay,Nay,Nay,Yea,Nay,Yea,Yea,Yea
2026-08-06,2026-280,9,"Authorize a non-binding term sheet with Rip City Management LLC and Trail Blazers Holdings, LLC outlining the terms for Moda Center arena renovation, operating and lease agreements that will keep the Portland Trail Blazers playing in Portland for at least 20 more years",Amendment,Motion to amend Exhibit A as shown in Avalos 7: Moved by Avalos and seconded by Koyama Lane.,,Economic Development,Lloyd,https://www.portland.gov/council/agenda/2026/8/5,Yea,Yea,Nay,Nay,Nay,Nay,Nay,Yea,Nay,Yea,Nay,Yea
2026-08-06,2026-280,10,"Authorize a non-binding term sheet with Rip City Management LLC and Trail Blazers Holdings, LLC outlining the terms for Moda Center arena renovation, operating and lease agreements that will keep the Portland Trail Blazers playing in Portland for at least 20 more years",Amendment,Motion to amend Exhibit A as shown in Avalos 8: Moved by Avalos and seconded by Koyama Lane.,,Economic Development,Lloyd,https://www.portland.gov/council/agenda/2026/8/5,Yea,Yea,Nay,Nay,Nay,Nay,Nay,Yea,Nay,Yea,Nay,Yea
2026-08-06,2026-280,11,"Authorize a non-binding term sheet with Rip City Management LLC and Trail Blazers Holdings, LLC outlining the terms for Moda Center arena renovation, operating and lease agreements that will keep the Portland Trail Blazers playing in Portland for at least 20 more years",Amendment,Motion to amend Resolution as shown in Kanal 4: Moved by Kanal and seconded by Avalos.,,Economic Development,Lloyd,https://www.portland.gov/council/agenda/2026/8/5,Yea,Yea,Nay,Nay,Nay,Nay,Nay,Yea,Nay,Yea,Yea,Yea
2026-08-12,2026-280,1,"Authorize a non-binding term sheet with Rip City Management LLC and Trail Blazers Holdings, LLC outlining the terms for Moda Center arena renovation, operating and lease agreements that will keep the Portland Trail Blazers playing in Portland for at least 20 more years",Amendment,"Motion to amend the Dunphy/Pirtle-Guiney/Ryan/Kanal 2 amendment to Exhibit A to replace the rent key term on page 4 with ""Rip City will pay rent in the amount of $2,000,000 during each year of the term escalated by the maximum allowable rate established annually as allowed by the Oregon Department of Administrative Services pursuant to ORS 90.324"": Moved by Green and seconded by Avalos.",,Economic Development,Lloyd,https://www.portland.gov/council/agenda/2026/8/12,Yea,Yea,Nay,Nay,Nay,Yea,Nay,Yea,Nay,Yea,Nay,Yea
2026-08-12,2026-280,2,"Authorize a non-binding term sheet with Rip City Management LLC and Trail Blazers Holdings, LLC outlining the terms for Moda Center arena renovation, operating and lease agreements that will keep the Portland Trail Blazers playing in Portland for at least 20 more years",Amendment,Motion to amend the resolution as shown in Dunphy/Pirtle-Guiney/Ryan/Kanal 1: Moved by Dunphy and seconded by Clark.,,Economic Development,Lloyd,https://www.portland.gov/council/agenda/2026/8/12,Yea,Yea,Yea,Yea,Yea,Yea,Yea,Yea,Yea,Yea,Yea,Yea
2026-08-12,2026-280,3,"Authorize a non-binding term sheet with Rip City Management LLC and Trail Blazers Holdings, LLC outlining the terms for Moda Center arena renovation, operating and lease agreements that will keep the Portland Trail Blazers playing in Portland for at least 20 more years",Amendment,Motion to amend the Exhibit A as shown in Dunphy/Pirtle-Guiney/Ryan/Kanal 2: Moved by Dunphy and seconded by Clark.,,Economic Development,Lloyd,https://www.portland.gov/council/agenda/2026/8/12,Yea,Yea,Yea,Yea,Yea,Yea,Yea,Yea,Yea,Yea,Yea,Yea
2026-08-12,2026-280,4,"Authorize a non-binding term sheet with Rip City Management LLC and Trail Blazers Holdings, LLC outlining the terms for Moda Center arena renovation, operating and lease agreements that will keep the Portland Trail Blazers playing in Portland for at least 20 more years",Amendment,Motion to amend Exhibit A as shown in Novick 2: Moved by Novick and seconded by Green.,,Economic Development,Lloyd,https://www.portland.gov/council/agenda/2026/8/12,Yea,Yea,Nay,Nay,Nay,Yea,Nay,Yea,Nay,Yea,Yea,Yea
2026-08-12,2026-280,5,"Authorize a non-binding term sheet with Rip City Management LLC and Trail Blazers Holdings, LLC outlining the terms for Moda Center arena renovation, operating and lease agreements that will keep the Portland Trail Blazers playing in Portland for at least 20 more years",Amendment,Motion to amend Resolution as shown in Morillo/Kanal 1: Moved by Morillo and seconded by Koyama Lane.,,Economic Development,Lloyd,https://www.portland.gov/council/agenda/2026/8/12,Yea,Yea,Nay,Nay,Nay,Yea,Nay,Yea,Nay,Yea,Nay,Yea
2026-08-12,2026-280,6,"Authorize a non-binding term sheet with Rip City Management LLC and Trail Blazers Holdings, LLC outlining the terms for Moda Center arena renovation, operating and lease agreements that will keep the Portland Trail Blazers playing in Portland for at least 20 more years",Amendment,Motion to amend Exhibit A as shown in the technical amendment: Moved by Dunphy and seconded by Smith.,,Economic Development,Lloyd,https://www.portland.gov/council/agenda/2026/8/12,Yea,Yea,Yea,Yea,Yea,Yea,Yea,Yea,Yea,Yea,Yea,Yea
2026-09-02,2026-294,1,"Authorize an increase up to $245,000 in bureau rates for FY 2026-27 to implement a pilot program to subsidize transit passes for City employees",Amendment,Motion to amend the ordinance to add Section 3 as shown in Zimmerman 1: Moved by Zimmerman and seconded by Pirtle-Guiney.,,Transportation; Government Operations,Not specified in agenda,https://www.portland.gov/council/agenda/2026/9/2,Yea,Yea,Yea,Yea,Yea,Yea,Yea,Yea,Yea,Yea,Yea,Yea
2026-09-09,,1,Meeting business,Procedural,"Items 2026-247, 2026-248, 2026-250, 2026-252, 2026-253, 2026-257, 2026-258, 2026-260, 2026-261, 2026-306 were pulled from the consent agenda and on a Y-12 roll call the balance of the consent agenda was approved",,Government Operations,Not specified in agenda,https://www.portland.gov/council/agenda/2026/9/9,Yea,Yea,Yea,Yea,Yea,Yea,Yea,Yea,Yea,Yea,Yea,Yea
2026-09-09,2026-243,1,"Authorize exception to Code Chapter 17.93 Renaming City Streets and authorize the renaming of Cesar E. Chavez Blvd to Campesinos Blvd (allow exceptions to Code Sections 17.93.010, 17.93.020, 17.93.030, 17.93.040 and 17.93.050)",Amendment,Motion to amend the Ordinance as shown in Koyama Lane 2: Moved by Koyama Lane and seconded by Clark.,,Transportation; Arts & Culture,Not specified in agenda,https://www.portland.gov/council/agenda/2026/9/9,Yea,Yea,Yea,Yea,Yea,Yea,Yea,Yea,Yea,Yea,Yea,Yea
2026-09-09,2026-243,2,"Authorize exception to Code Chapter 17.93 Renaming City Streets and authorize the renaming of Cesar E. Chavez Blvd to Campesinos Blvd (allow exceptions to Code Sections 17.93.010, 17.93.020, 17.93.030, 17.93.040 and 17.93.050)",Amendment,Motion to amend the Ordinance as shown in Novick 2: Moved by Novick and seconded by Kanal.,,Transportation; Arts & Culture,Not specified in agenda,https://www.portland.gov/council/agenda/2026/9/9,Yea,Yea,Yea,Yea,Yea,Yea,Yea,Yea,Yea,Yea,Yea,Yea
2026-09-09,2026-243,3,"Authorize exception to Code Chapter 17.93 Renaming City Streets and authorize the renaming of Cesar E. Chavez Blvd to Campesinos Blvd (allow exceptions to Code Sections 17.93.010, 17.93.020, 17.93.030, 17.93.040 and 17.93.050)",Amendment,Motion to amend the Ordinance to add an emergency clause to be responsive to community concerns about the negative impact of survivors of abuse and others and to ensure facilitation of the timely operations of City staff in changing the name: Moved by Clark and seconded by Ryan.,,Transportation; Arts & Culture,Not specified in agenda,https://www.portland.gov/council/agenda/2026/9/9,Yea,Yea,Yea,Yea,Yea,Yea,Yea,Yea,Yea,Yea,Yea,Yea
2026-09-09,2026-263,1,"Consent to franchise transfer from Zenith Energy Terminals Holdings LLC to ISQ Springer Holdings, LLC (amend Ordinance 188554)",Amendment,Motion to amend the ordinance as shown in Green-Morillo 1: Moved by Green and seconded by Morillo.,,Environment & Energy,Not specified in agenda,https://www.portland.gov/council/agenda/2026/9/9,Yea,Yea,Nay,Nay,Nay,Yea,Nay,Yea,Nay,Yea,Nay,Yea
2026-09-09,2026-261,1,Initiate foreclosure action on 855 NE Church St for the collection of delinquent City Liens placed against the property,Procedural,Motion to postpone the item to align with a future list of foreclosure items: Moved by Smith and seconded by Novick.,,Government Operations,Woodlawn,https://www.portland.gov/council/agenda/2026/9/9,Yea,Yea,Yea,Yea,Yea,Yea,Yea,Yea,Yea,Yea,Yea,Yea
2026-09-16,,1,Meeting business,Procedural,The consent agenda was approved by roll call.,The City's minutes list Smith as both Absent and Yea; left blank here.,Government Operations,Not specified in agenda,https://www.portland.gov/council/agenda/2026/9/16,Yea,Yea,Yea,Yea,Yea,Yea,,Yea,Yea,Yea,Yea,Yea
2026-09-16,2026-263,1,"Consent to franchise transfer from Zenith Energy Terminals Holdings LLC to ISQ Springer Holdings, LLC (amend Ordinance 188554)",Procedural,Councilors Clark and Ryan joined Councilor Smith to appeal the Council President's ruling on the point of order that an absent member at the time of the vote is not on the prevailing side for purpose of moving for reconsideration. Vote called on whether the ruling of the Council President should be sustained,,Environment & Energy,Not specified in agenda,https://www.portland.gov/council/agenda/2026/9/16,Yea,Yea,Nay,Nay,Nay,Yea,Nay,Yea,Nay,Yea,Nay,Yea
2026-09-16,2026-263,2,"Consent to franchise transfer from Zenith Energy Terminals Holdings LLC to ISQ Springer Holdings, LLC (amend Ordinance 188554)",Procedural,Motion to postpone the pending vote to reconsider Item 2026-263 until next week: Moved by Kanal and seconded by Avalos.,,Environment & Energy,Not specified in agenda,https://www.portland.gov/council/agenda/2026/9/16,Yea,Yea,Nay,Yea,Nay,Yea,Nay,Yea,Nay,Yea,Yea,Yea
2026-09-16,2026-299,1,"Urge the City Administrator to refrain from signing data center non-disclosure agreements, notify City Council of inquiries for data center deals, and engage in transparent public processes related to data centers",Amendment,Motion to amend the resolution as shown in Zimmerman 1: Moved by Zimmerman and seconded by Clark.,,Government Transparency; Economic Development,Not specified in agenda,https://www.portland.gov/council/agenda/2026/9/16,Nay,Nay,Yea,Yea,Yea,Nay,Absent,Nay,Yea,Nay,Nay,Nay
2026-09-23,,1,Agenda approval,Procedural,"Motion to reorder the agenda to hear the Items 2026-301, 2026-186, 2026-212, 2026-300 after Item 2026-339: Moved by Pirtle-Guiney and seconded by Green.",,Government Operations,Not specified in agenda,https://www.portland.gov/council/agenda/2026/9/23,Yea,Yea,Yea,Yea,Yea,Yea,Yea,Yea,Yea,Yea,Yea,Yea
2026-09-23,2026-277,1,"Appropriate grant award of $207,411 for speed racing street takeover",Amendment,Motion to amend the ordinance as shown in Kanal 1: Moved by Kanal and seconded by Avalos.,,Public Safety; Transportation,Citywide,https://www.portland.gov/council/agenda/2026/9/23,Yea,Yea,Nay,Yea,Nay,Yea,Nay,Yea,Nay,Yea,Yea,Yea
2026-09-23,2026-277,2,"Appropriate grant award of $207,411 for speed racing street takeover",Amendment,Motion to amend the ordinance as shown in Kanal 2: Moved by Kanal and seconded by Avalos.,,Public Safety; Transportation,Citywide,https://www.portland.gov/council/agenda/2026/9/23,Yea,Yea,Yea,Yea,Yea,Yea,Yea,Yea,Yea,Yea,Yea,Yea
2026-09-23,2026-278,1,"Appropriate grant award of $103,069 for expanded traffic enforcement",Amendment,Motion to amend the ordinance as shown in Kanal 1: Moved by Kanal and seconded by Avalos.,,Public Safety; Transportation,Citywide,https://www.portland.gov/council/agenda/2026/9/23,Yea,Yea,Nay,Nay,Nay,Yea,Nay,Yea,Nay,Yea,Yea,Yea
2026-09-23,2026-278,2,"Appropriate grant award of $103,069 for expanded traffic enforcement",Amendment,Motion to amend the ordinance to add an emergency clause to allow the purchase of these materials within the grant period and the ability to move forward with what Council deems an important piece of our public safety infrastructure: Moved by Zimmerman and seconded by Clark.,,Public Safety; Transportation,Citywide,https://www.portland.gov/council/agenda/2026/9/23,Yea,Yea,Yea,Yea,Yea,Yea,Yea,Yea,Yea,Nay,Yea,Yea
2026-09-23,2026-263,1,"Consent to franchise transfer from Zenith Energy Terminals Holdings LLC to ISQ Springer Holdings, LLC (amend Ordinance 188554)",Procedural,Motion to call the question on the vote to reconsider Item 2026-186: Moved by Dunphy and seconded by Smith.,,Environment & Energy,Not specified in agenda,https://www.portland.gov/council/agenda/2026/9/23,Nay,Yea,Yea,Yea,Yea,Yea,Yea,Yea,Yea,Nay,Yea,Yea
2026-09-23,2026-263,2,"Consent to franchise transfer from Zenith Energy Terminals Holdings LLC to ISQ Springer Holdings, LLC (amend Ordinance 188554)",Procedural,Motion to reconsider Item 2026-263: Moved by Dunphy and seconded by Clark.,,Environment & Energy,Not specified in agenda,https://www.portland.gov/council/agenda/2026/9/23,Nay,Nay,Yea,Yea,Yea,Yea,Yea,Nay,Yea,Nay,Yea,Nay
2026-09-23,2026-263,3,"Consent to franchise transfer from Zenith Energy Terminals Holdings LLC to ISQ Springer Holdings, LLC (amend Ordinance 188554)",Procedural,Motion to call the question on Item 2026-263: Moved by Dunphy and seconded by Smith.,,Environment & Energy,Not specified in agenda,https://www.portland.gov/council/agenda/2026/9/23,Nay,Nay,Yea,Yea,Yea,Yea,Yea,Nay,Yea,Nay,Yea,Nay
2026-09-23,2026-301,1,Amend Fire Regulations Code to adopt current Oregon Fire Code with City amendments (amend Code Title 31),Amendment,Motion to amend the ordinance as shown in Technical Amendment 1: Moved by Dunphy and seconded by Pirtle-Guiney.,,Public Safety,Not specified in agenda,https://www.portland.gov/council/agenda/2026/9/23,Yea,Yea,Yea,Yea,Yea,Yea,Yea,Yea,Yea,Yea,Yea,Yea
